,M&M Change,TCS Change,INFY Change,LT Change,ITC Change,IOC Change
0,0.0,0.0,0.0,0.0,0.0,0.0
1,-0.6760440519027466,2.7081307344298367,0.36256633913089864,-0.09756657483930287,1.9787731606404124,1.0178692603483475
2,0.9111867383906125,1.0785665767861108,-0.23036649214660532,0.8473602573677352,-0.6350326336214573,-0.5261979399910466
3,-1.8820713664055688,3.292809579082401,0.9393366918555968,-1.8713150474237494,-1.3314397301615433,-0.9791783905458651
4,-1.4377055845067654,-1.1454143994952926,-0.3951130751234655,0.11320097526994477,2.986685858222393,-1.0229597635826315
5,-2.0361481925903813,0.965239415272312,0.3653635367190322,1.588820271955016,6.079664570230614,-2.3082223242994804
6,1.9521531100478384,-0.3812195073774949,-0.43163971085340425,-0.6392876509032863,-1.1363636363636465,-0.2586105560127061
7,-1.7345597897503229,1.4851092516952935,-0.2611511542880973,-3.234238115754706,-0.08329168748958393,1.4849734826163807
8,1.4404156955641234,2.5574897915323413,2.9849183074989627,5.010537564190076,0.05001667222408468,1.9509929160376194
9,1.0056497175141121,-1.765983387944825,1.261059696938882,1.0600107414421744,3.0161639726712153,-2.9388313019706014
10,1.4319275086698724,-0.20944439057500874,-1.0595560911921376,-0.29089281718504,2.18375930119703,-1.5960568008449694
11,0.07720304400573585,-0.845366033775774,1.1216566005176842,-0.8331463195691224,-1.3930663289536294,0.07155635062612298
12,4.103298802439204,-0.17639449649170524,-1.9223047580807173,-0.38754207801758866,0.11237758869804271,2.359671076153025
13,0.5857651999011892,0.2748763056624526,-0.5782713269535833,1.8231385244505072,0.7697241821680523,-3.632553265805094
14,-0.4736011226100678,0.4425125313283207,-0.2007411982705265,-0.49085229808121245,1.591343093570985,0.22955176996495297
15,0.36658442016215265,1.5224765098054371,-1.1037186033317936,1.171524663677137,-0.5482456140350922,1.74783027965284
16,-0.8604340802135235,3.5350141131742285,2.1486310299869693,-1.648290764031246,-2.016065522129462,0.6041938158986015
17,1.448864642743275,-2.995178041543023,-1.8430591718997413,0.757682449370467,0.3857900659058,0.6476683937823857
18,-1.0056568196103122,-3.5809196061562076,-0.5045251222303038,-0.802303477580224,-0.20816653322657253,-2.0124020124020148
19,0.6490299823633139,-0.5789974619289318,-0.8207433739348624,0.22262927997744875,-1.797175866495515,0.3104477611940215
20,-0.22078923389641236,-0.789788591942564,1.6076323002319315,-2.339444381959288,-0.5228758169934733,0.8570408284727993
21,-0.41445681570719817,-1.4333386941138504,-0.6276910307620565,0.13820108257516228,0.2792378449408828,-0.9205712262480792
22,-0.8782139456142257,0.7607432032795458,0.08352474420547651,1.4634847613571145,-1.769041769041757,0.22632519356760028
23,-1.2489325362937675,-2.3884705691846864,-0.6780721886083918,-1.6492391396752626,0.6836751709187849,-3.2445923460898474
24,-0.02522249846864666,-0.4769409422694104,-1.244617162062811,-0.49845852421700476,1.6230539913878905,-0.6018916595012858
25,0.0684783392200794,1.3335000208359427,-1.1060888061685703,1.68529565066311,1.3363754889178514,0.6426099851705391
26,0.08643976229065764,0.5469424682321034,1.473355917621122,-0.30185670349698324,-0.7076230299131514,1.1051080550098291
27,-0.16553312461765612,-1.582822085889568,-0.021196544963164587,0.2113681805198553,0.08098477486233602,-0.8379888268156388
28,0.659625851566159,-0.4758342683788497,-0.33921662161446875,-1.0147075590012489,0.7606408804013753,-3.6129822412737322
29,-1.439518728067024,-1.3842203060734581,0.3297346168164683,-0.7889887122782824,-0.09637006103437873,-2.5667090216010213
30,-0.42871675628542993,-0.798153872210694,-1.7174662072621305,-1.2190166598943564,0.43408360128618373,1.8257694314032236
31,-1.0399182660731254,0.3073180101158979,-0.25349226039587114,0.091085385203038,-1.280614695053628,-0.8324795081967262
32,-0.029497437410119787,-0.7148784068424119,0.5947874986482082,0.023484514897997855,1.0539970812388555,-0.07748934521502049
33,-0.520045734518515,1.2471873995499871,0.5751451300795463,-0.9420949138614243,3.8671373555840605,-0.4265219077161819
34,1.3235948390924124,0.4762207124261897,1.7476350809684238,-0.020739511732636995,5.824192800865147,0.4413291796469432
35,-0.8269603717662499,-0.28437815975732583,1.076793780859342,-0.2311453548673903,-1.532846715328462,-1.305246833807172
36,2.2027081872855403,-0.4584151931892544,-1.1692563529595135,0.7098939614459399,-1.8383988139362484,1.0082493125572745
37,-0.6462093862815932,-0.35865874363326666,-0.4101377642233617,0.13566920309089348,1.8275185017369022,-1.0630023334197491
38,-0.003633588895746165,-0.6645225873783467,-1.224920802534324,0.40056550424130144,-0.8306140611094692,0.17033542976938598
39,-0.6249999999999978,4.416904307553771,2.3145178533247712,1.628138934522405,-0.29913251570445887,0.3139306736428926
40,1.663741407049879,1.6776525185322244,1.9121258032495758,0.5166989002107103,-0.8700870087008816,1.0562002868692133
41,-0.9675214904866447,-1.4682122950157694,-0.3075818936791874,-0.0890241801160152,-0.4691283292978077,1.316129032258062
42,-0.4576160383525818,0.2849002849002913,0.4833650434514336,-32.44804690868328,3.0104911053671746,-2.9673968415690366
43,0.3758026853473373,-2.000899280575552,-0.5117445371270679,-0.3318866479448457,-0.4723247232472416,-2.0606378789867374
44,0.657918650721534,-0.08342196917557887,1.2345043979219206,0.0042691256830540425,-3.5592466261308076,0.1206110962208573
45,-0.32139245991620324,0.5385209459600526,0.1575123215283858,0.5677694770544361,-12.48654467168998,-0.3747824923035825
46,0.16302575806976805,1.7127909149417642,-0.5834009740259716,0.2886492911112981,2.424881391671052,0.806126561870224
47,0.799334490740744,-0.20003265839321216,-1.0613869469816795,0.36823838144417476,-0.6690684508491973,-0.1599360255897575
48,-0.5310560120564078,1.9020738740949783,1.0985610397648227,-0.5397883017754013,-0.2072538860103723,1.6953677746629259
49,0.20922766133979476,1.5855812459858676,1.0662177328844002,-0.10599957600169185,1.505711318795444,-0.7219742714623223
50,0.06119730731846129,1.6122021575058376,0.3331482509716821,-0.6069609507640128,-0.6308610400682091,-0.8858918418616857
51,1.7052813354439422,-0.6027610344157108,0.020123761130941276,0.8028355468249648,0.7721345229924514,-0.30683030949840706
52,-1.0824195259992897,-2.9068857589984454,-2.3137669131331418,0.15251006142766865,-1.7367614507066143,-1.2712431419777848
53,-0.429123158346445,0.10476689366161196,2.708408423871078,-1.746965018400226,1.0396811644429071,-0.2981837896448791
54,0.7972992386151345,0.301895906291505,1.3886800020053158,2.802651971758219,-2.1608643457383003,-0.040783034257763084
55,1.8492125703698514,0.39529657275865215,-0.5587420886076,-0.3266468445077386,0.9114811568799341,0.7343941248470154
56,-1.0250131187685918,-1.113265244938333,-1.2132663716374004,-1.1133985966976123,-0.8337675872850614,-0.06750371270419775
57,0.1343135868796974,0.6326299620017739,-0.9412593748427067,-0.17420122365737756,-1.4188124014713699,4.579843285598484
58,0.1094246381927233,1.3396533370825026,-0.025406504065039748,0.09363694403063949,-0.23098791755506998,8.241829221030873
59,-1.2199851909312054,-0.7670049151736302,-1.5756035578144867,0.3486839307734968,-0.32056990204807345,2.923976608187129
60,-0.05354274495805722,-0.015977950428391896,-0.45442809191840183,-0.7415568456290544,-2.03680543148117,-4.16280148423005
61,-0.550000000000006,0.3575637721979108,0.5706282097836857,-1.477117486338797,-0.47419296005835054,0.1935874168179197
62,-0.37707390648566985,-0.02189490445860809,1.22762676020014,0.32931796516162404,0.09162543522081013,-0.9056877188745371
63,-2.811722720882448,-0.6131915825518974,0.6573248407643284,-2.224237712706223,-0.585865983156364,0.3655861564708651
64,0.5711954304365552,-1.0676869453736915,-0.6327832337754358,1.3207297142100005,-0.09208103130755596,1.8576979116075698
65,1.1395906324912497,0.9293755568154038,-0.6368128789036587,-0.40544075333508456,2.930875576036862,0.6794611991894239
66,-0.3063010501750285,-0.26882259714726686,4.681091058244458,-0.7222586999343417,0.2865329512893977,0.9471939379587901
67,0.2194586686174116,1.1325005531752197,-9.560660234118634,-0.29982363315697036,0.6607142857143034,0.24630541871921707
68,0.6313868613138762,0.5967061818760389,-5.3994042783644725,-0.3095701397488049,-0.08869966294128284,-3.311103311103314
69,-0.2901389040002922,-1.2357639987345737,0.2289901534233918,-0.833998757874177,0.4616477272727071,2.420135527589551
70,-0.032735605426836845,-0.3243178314748629,1.9876627827278837,0.577077927887637,-0.1237186284906211,0.862476370510401
71,0.0691311308397724,0.2872120347868101,2.1673387096774244,0.6716185562424926,-0.3893116262608465,0.3162703525828592
72,-0.15271061338764103,-0.3725066089882101,3.1628569862413025,0.6362110099849883,0.35530289571859,2.919196637085464
73,0.2840391828411226,-0.6613597073131583,-1.439957492029753,-0.7770655896040202,-0.7788989201628516,-1.4068527342863568
74,-1.3653364319691996,0.5544650626302827,-0.0862580193002338,0.8495199327463565,0.6244424620874156,4.223245109321061
75,-0.9829547546294726,0.4749350989112555,-1.2626126369179258,-0.2939498968981824,0.08865248226950229,0.4085237937506925
76,0.20820939916716963,-1.598333567007837,0.5464779496147321,0.25521429200034973,0.4782993799822943,-1.4075214427094696
77,-1.4321757197981566,-0.010177288363288906,-2.146855807380832,-0.7505266853932491,-0.17630465444288257,-4.293999553870176
78,-0.27478732214106794,1.146079309502479,0.18884692290601635,-0.3537787998054265,-0.08830801836806623,0.6526045915394407
79,-0.6114822783376828,-1.253849095336812,-0.698525335403033,-0.8032663205077117,-2.5278416121619296,-0.8336227856894807
80,1.777372678591771,0.2812652861568621,0.016748548459122325,1.0289906943450333,-1.9223793978962678,0.9223584354932868
81,-3.3247509235419193,0.4268119182146979,-1.2782584426458299,3.8349127623771295,0.7211538461538547,-0.7056918093475306
82,-1.1733827389223461,-0.653687363393507,-0.6332692525160999,3.8766632548618007,0.45896823939783893,-0.023301875800996186
83,1.6052179346977002,1.3852390555929128,0.6088539888471578,1.0181877899577252,1.4802631578947123,1.3634774501806168
84,0.5073995771670115,0.03013924330406148,-0.03393473219840404,-0.5608616134932021,-2.2150189086979966,-4.357323522648882
85,-1.2697441389069475,-0.09039048690342444,0.9787835926449828,-0.7479462132668369,0.18416206261511192,0.9015506671474993
86,0.2711601781909767,0.7680090070166345,1.7761093679964146,-0.1482457585241237,-0.9926470588235259,-0.9649749821300957
87,0.05794861889125702,-0.2793240358332838,0.09358656757501027,2.107390300230949,-0.8540660972892744,0.0
88,-0.019305019305015936,-0.03201216462256351,0.34649653503464606,-0.9733834161315014,0.31835205992509774,0.6375556357512302
89,-0.1776404711334223,-0.1881316921845233,0.04932858317348021,0.8198058569214517,1.3813701698711878,-1.0399234998804685
90,-0.07737243220240497,1.2572436887168914,-0.3451298345568232,-0.6391844330272289,-0.7365126127784949,-0.16910254861698393
91,-0.3329590770064672,-0.843597766248172,-1.2368753779341435,-3.521843573144412,-0.408087553329628,-1.1736237144585604
92,-2.1093112690828697,0.28558875219684143,-0.3283980852721746,-1.6542876434841203,-2.309554851927731,-2.3016650342801093
93,-1.0198412698412596,-1.437817385243445,1.1783101580387534,-0.19739100583590075,0.07626310772164135,0.16290726817043133
94,-1.2147696748586845,0.822338512516918,-0.673363505905733,-2.2099922607275,-1.5050485806820335,-1.000875766295506
95,-0.11769480519481235,-0.7434869739479044,-0.422316070237827,-0.3385508265916437,1.1798839458413868,0.44231012258308944
96,1.9259680630612452,-1.6354055199983897,0.43526785714285143,0.7676357700622027,-1.242592238577711,0.7800704579768558
97,0.8012756627466588,0.5131468215685775,0.40560062229135774,-0.6260671599316869,1.2001548586914268,1.5106117353308468
98,1.9338764533734176,-0.25117931752740574,-0.43716451773558873,0.2995858665961748,2.2953328232593773,0.541138851309797
99,0.9311348205625514,-0.5200016378004491,0.383503779457528,-0.5490643942721585,-0.8040388930441233,-0.48929663608562324
100,0.17297712857966552,0.7017616068488719,1.8935828580920244,0.8612693785610137,0.3393025447690823,2.138905961893056
101,0.14198004604757397,0.30449798704350606,0.40754224854642196,-0.07444386057101626,0.6950967499530503,-0.31291370802744023
102,0.01915929033988739,0.2098528992298565,1.2501352960277101,0.15338095446777444,-0.6716417910447858,-0.7968127490039723
103,1.0995326028656827,1.671241232082954,-0.5077770057191677,-0.774481491205048,-0.3005259203606392,1.7646342947547744
104,1.4172571904960352,1.913732077509156,-0.3653164284946886,0.8643118578295361,0.6028636021100375,-0.7653671370485671
105,-0.9602809849419081,0.40813122988776485,0.3019519033754081,-0.43719669479298506,-0.393258426966292,-0.0723065798987621
106,3.2671847883497973,1.0083639490346297,0.956886356305775,0.5313309621042483,0.5828163188569269,-0.25325615050652006
107,0.3470699985386627,0.392741061755153,-0.9052183173588912,0.35380449025945726,-0.09345794392523477,0.08463305525328035
108,-0.20388102086139614,-0.3064115164479464,-0.6609349811929066,-0.6398258977148963,1.159962581852203,-0.5556897801401228
109,0.379409726022395,-0.10438413361167909,0.28127873640937384,-0.1445593131242373,-0.2589236175328469,-0.4737609329446224
110,-0.6323823369071446,0.15480475250591041,1.3539025837423724,-0.3509541566132923,-0.9642128685332763,-1.2693762968387645
111,-1.1996635090157581,-0.3670930097762648,-1.383714741883979,0.5987233105877232,-0.0187230855645093,0.8035603906539679
112,1.0402398845000604,-0.7174992243251577,0.9498111171073909,5.395825128003162,0.8426966292134797,2.3424086337993755
113,0.604528467795129,-0.8222977460057068,1.288356677002045,1.6027238000332122,-0.3156917363045575,4.613541042540437
114,1.0743289995994054,1.790180593575852,-0.10555760806459924,0.09399264405394181,0.3539493293591933,-4.936998854524632
115,-0.9331988181883744,1.234376813837379,-0.2377555872563053,1.0043685951087955,-1.5593094486727521,0.31329075792263517
116,-2.178577923258773,0.29814234385749927,-2.3567418705645604,-1.184364768179802,0.2074297567414618,-0.18018018018017834
117,0.44244497323022713,-0.8060213414634143,0.5640830937788,-0.5726908287654431,1.5619119307489715,0.31287605294825216
118,-1.1401073477697587,0.8951725992661919,-0.4476565449544223,-0.3579363120217116,-1.5564202334630517,-0.4438579654510666
119,-0.34447897554947815,-0.23037526416999077,0.40632787951024874,1.986044015029509,-0.09410878976096049,-0.4096879142065246
120,2.66015404846891,1.7346666157780355,0.22122700048563537,-0.8340080971659836,-0.18839487565938118,-0.6291591046582057
121,-0.9076602130073663,1.6694490818029983,2.885754280176589,-1.1145586674287666,0.15100037750095385,-2.5447461341775224
122,0.9787626962142193,0.920647220530979,-0.33490319204605434,0.5903967631394336,0.03769317753485879,-0.7996001999000524
123,-0.41697147037308424,0.0511882998171842,0.2310196366691164,-0.18880315219175214,-2.015825169555374,-0.6045340050377823
124,2.3249834716814854,-1.0104516883496562,0.7909900471450904,4.034048852701688,0.6344933666602381,0.06335529650278726
125,1.3101690656520226,1.8532533456391276,-1.0498414843303272,-1.9289299972330975,-1.2991975544516587,0.5065214638470206
126,1.303854875283439,-1.607495605212128,-0.29938547192605025,-2.4464955060255478,-0.6775067750677488,-2.49464533198942
127,-1.0037772803581313,-0.3425919104103614,0.28448003371615016,-0.057841679061321205,-1.2668095887741204,0.6589998707843492
128,-0.09185656244479201,1.528481129634418,3.845345660853128,0.8102521703183152,0.7106198183971513,0.898587933247752
129,0.1980268043424438,-1.432654324358762,-1.7654795629299835,0.2870499466907317,1.1368090944727571,0.5470737913485957
130,-0.6176107287806598,-0.14220810401508466,-1.0711159174004892,0.5724566568531264,0.46511627906975495,-0.5567506010375811
131,0.5681818181818121,-1.1281880560025104,0.5934100255062358,-0.5813953488371992,-1.3117283950617176,0.814352971115917
132,0.9533898305084776,0.28807123215923713,0.005174644243211013,0.004089477773683292,0.9186864738076395,-0.037864445285873405
133,-0.7590066456803046,0.022382631078277093,2.5820138673289916,-0.5520569232027484,0.0,-0.3156565656565635
134,1.0890635463292497,0.2536130536130665,1.8461538461538307,0.2097125704181968,1.0071663761379135,0.16466117796072322
135,-0.2161634474583285,-0.08184371570469917,-1.0697835669357558,0.5129257283545297,-0.5752636625119822,-0.7081436519979611
136,0.2795248078266921,-0.02047768862742938,-1.4067584480600748,-1.0655235762400461,-0.8678881388621051,-0.5094243504839557
137,-0.11149825783971501,-1.0110602167355598,-0.2031075454453135,0.5075513741024995,0.40856031128404524,0.7936507936507908
138,-1.8731686898283861,-0.7956661587946501,-0.6716190088531637,-0.10674549410846224,-0.775043596202285,-0.05080010160020132
139,0.20262344033274982,-0.26734926052333075,-1.7723593894068301,-0.4027783486087566,-0.33196641281000305,-1.4358322744599694
140,-0.5959982971477262,0.09125648776593387,2.7690863579474367,0.48281269343457556,-0.03918495297805524,0.6961454170426595
141,-0.9136331192005631,0.12156438163619665,-0.10148678134672684,-0.6242299794661066,-0.4900039200313566,-0.012802458071947687
142,-1.4947413917303032,-0.08537117489707535,0.6044597958043241,-1.5414497065873278,-0.8863502068150453,-0.4481434058898892
143,0.8848586785622725,-0.6095013860935028,0.9593052610320063,2.2791185729275965,0.6955484896661313,0.7073954983922937
144,0.6233916856946298,-0.6017766739898733,0.20504100820164517,0.1600459619172545,3.4931912374185803,3.4099616858237702
145,2.1683535640960816,2.2909859696329082,0.34436292858210926,0.12291555701233747,1.544622425629294,-0.11115227862171784
146,0.06345848757272066,-1.8394648829431426,0.5172585297920973,-1.5509268731840886,-1.7652582159624397,-2.2997032640949433
147,-0.4685903533805491,0.6220929119690632,-0.6679861454725433,-1.1347576689666683,-0.9749569871917441,1.7970134143254768
148,1.352212389380525,-2.686044742048388,0.9315068493150669,-0.03783897414336712,2.0270270270270174,1.9393336648433568
149,3.6183291422185127,-0.4769723981546736,0.9673280031586184,1.2407469717361952,0.13245033112583293,0.7682926829268188
150,2.5650532560334227,1.3709930861093733,-0.615895982011927,1.192306094470541,-0.5291005291005457,-0.8592520876194998
151,2.290578066975568,-0.201511335012583,-1.2443438914027105,0.1642170949995858,0.3989361702127603,0.0732421874999778
152,-0.9349097217760005,0.5300353356890275,1.1853179939240066,1.032871546848102,-0.35950804162724337,0.04879238838741973
153,-51.859899464893786,0.2607234593174912,0.6103263277058568,2.133874239350919,-0.09494872768704976,0.20726652036087145
154,0.538938291565616,1.9667141811457567,1.6926764835379915,0.5838894184938104,0.01900779319521373,-0.1703370239688473
155,-0.6231573304744109,0.10201190138849903,-0.36080242459228806,0.28037752241045766,0.3990877993158337,-0.0731261425959806
156,0.7012339019621061,-1.1153258223404738,-0.1303592120509789,-0.9332913286603239,-0.7571455612341516,-2.061226978899866
157,0.4285236022765426,0.26909424023817685,-0.09668842156151936,-0.40545375044718224,-0.11443829868393873,-2.3661270236612686
158,0.1533435562370844,2.826471763832572,0.8516815872247729,0.4390341249251639,0.53465724651518,-0.8801020408163218
159,-0.8587405139129367,-2.058344439508364,-0.8156998224653322,0.19471488178024465,-0.3608736942070201,0.3603139879037487
160,1.1079030416974334,-0.5442999697611195,-0.3725025397900317,-0.8685650828904601,-0.5909264201296227,-0.9103731247595892
161,0.26563952716163186,0.2831407722712065,-0.8157715839565038,2.0444088817763495,0.1534036433365138,-0.025879917184257195
162,0.14571466419392998,0.6992211926553304,-0.5776950944874182,3.1678820669646335,0.15316867700556624,0.25886616619208436
163,0.04629629629628873,1.2080840013548588,-0.3348434114634591,-0.060804134681158306,0.5161536991014959,-0.8907823392718783
164,0.46935942354728866,0.9370816599732379,2.3764822134387353,1.7758004410981743,1.0270064663370215,1.2244366288914899
165,0.3355704697986628,-0.19893899204244114,0.5115583224747811,-0.41098449467588116,1.8637048192771122,0.9908634667352922
166,-0.34100596760443525,3.6028054632705864,1.0467182023335075,-0.6752954417557633,-0.425060062834981,-0.7262996941895916
167,0.8949134697637584,-0.5736478301147319,2.2380612972202396,-0.015108593012280735,0.14847809948033142,-0.1668591965088062
168,0.1108719754777221,-0.5070775846622522,0.24632831381299347,0.4231045294851077,-0.8339510748702761,0.03857032656211512
169,-1.0814332247556901,-1.0895600338574063,0.2503593119755232,-0.24075536997330005,0.018688095683061512,0.46266546716360324
170,-1.646469968387776,3.81450056443684,3.8570041159875945,0.018854406274737556,-2.2047832585949334,-1.7142126135346158
171,-0.18079550020089208,1.3364435168458533,2.6049784031705103,2.047202533554504,1.6622086358425658,-0.02603149811271077
172,1.8648956865901845,1.012478582183829,0.052078812603073565,0.5504858314552719,2.762638601766576,-1.5622965759666707
173,0.8100098781692378,1.4084024398602013,-0.8024637806888224,0.7826278659612163,0.4206291148500574,2.08967067848167
174,-0.7577737130911921,5.308687865373574,0.5728278455551239,1.9978854497065157,-0.32780914223276003,-0.8938981733385143
175,1.2440758293838838,-0.46207162110127875,2.356521739130435,0.847124423633705,1.078019367805605,1.8039215686274535
176,-1.774917105519791,2.3404255319148914,0.7391045790502204,-0.6734245410080053,1.7534345625451753,0.23112480739599928
177,0.3177124702144596,-1.6868266868266812,-0.8770450328891788,1.0919212103911002,-0.07106057914371133,0.5124263387138006
178,0.864344154130392,2.492750837058022,0.6380806533945904,1.0907165548888154,-1.9911111111111213,1.873566148355832
179,0.07195656440110998,-1.4380167872829253,-1.0355904979288177,-0.14316142323405057,-0.16325049882096598,4.153634430126374
180,-0.24186168126553165,-1.284552071934919,-1.7426216204672662,-0.9371284705224192,-1.38081395348838,0.324324324324321
181,4.67859249066247,0.8434141404405127,-0.4911975657465817,2.760324744087539,1.4369933677229385,0.07183908045975684
182,-3.5680751173708947,0.47951315873320244,-0.117945133671149,-2.7583127232756133,0.01816200508537591,-2.213448193347689
183,-1.2658227848101222,-1.5997336419704244,-0.44172315766455306,-3.659613550460983,1.416379153804237,0.08564786492109011
184,-1.1439842209073015,-3.414217581850987,-2.6752767527675303,-0.7773255600777462,-2.0590868397493245,-1.8826405867970686
185,-0.6251662676243552,-1.407957294186335,0.11735499887157719,-1.4264070063929601,0.6032906764168011,0.8597059556441522
186,0.6826395395529428,0.6480431803184361,2.2722149587484752,1.0234301780693622,-0.381610030892221,-4.731315626930199
187,-0.28582823717098194,-0.08405621679778985,-2.2129160238042678,-1.3470387412795048,-1.0032834731849682,-1.8023858921161984
188,-0.5399640023998287,-0.14806339805497615,-0.5725104809989778,1.598645852924574,-0.5527915975677145,0.10563845239668357
189,0.1273458445040232,-1.8703872207056937,-0.45792528110264463,0.7922991484635267,-1.2414304243098084,-0.4484896451655396
190,0.3213066470312498,0.48251940380519276,1.5212935549988593,-0.7970908022333356,0.6003752345215885,-0.14575327944879035
191,-0.7473143390938852,0.24608233504794796,1.2203328996365892,-1.6255044988336187,-0.6154419992540183,-0.4644373673036051
192,-2.568067226890758,-0.3221902115545294,0.3279996454057965,-2.476663655525446,-0.8819665978607505,-1.4398080255966006
193,-2.159663285724145,0.7234231769051913,0.4594654296443679,-0.37823234272482686,-0.3218477849299628,-0.825104828892187
194,-0.08462623413258985,3.3126750997538146,0.9191257311227385,-0.6043700604369984,1.8803418803418737,0.5182760501909467
195,1.9127611518916066,0.259671958715435,1.1635000871535572,0.7171811661989436,-0.41014168530946193,-1.4382632293080122
196,-0.4570953667151545,0.8392892269359464,-0.439371096273955,0.7507739938080515,0.7300636465743082,1.4317180616740144
197,2.330759062130383,-1.4337733272644648,-1.4753601869078148,3.268802335407539,-0.9291953168556022,2.252985884907721
198,0.5983138428066415,0.3512880562061005,1.0187950114175504,-0.4575041844894989,-0.056274620146323784,0.19909742500663352
199,-1.547715598810484,-0.23994609430209035,1.9474873934967718,-1.4909199611389146,-0.5067567567567433,0.4901311431977806
200,0.5766458433445365,0.08731322383486173,-1.0105747910625906,-0.2237985054811653,-0.3961516694963252,0.580015818613222
201,0.9623916456214632,2.2434736807453115,-0.41783329743699804,-1.1024939172749382,-1.4204545454545414,-0.5897771952817821
202,-2.663601946998384,-2.030040085644824,-0.3936326671857615,-1.3300530483585704,-1.4409221902017322,0.7778510217534507
203,-1.680788998472016,-0.5044695675036293,-0.6296955747600697,-1.566152407667143,1.325536062378152,-0.7326007326007411
204,2.663181689742866,-0.7762308213182689,1.096932086356106,1.6227341090794045,-0.4040015390534668,0.7116499736426141
205,0.2545929952521897,1.0036784899881912,0.5835818959927463,0.5218881445708146,0.15452965037665578,0.8898194190002595
206,1.1805078929306934,0.5949045845555556,1.9210933470861224,1.5149166989538942,4.185149469623917,3.9299610894941495
207,-0.5562338895672259,-5.41749258719263,-0.16445287792536956,-0.5572306400518978,-0.24065161051464168,1.797079745413721
208,-0.6548431105047658,0.003464043231260483,-0.25342118601114905,0.03838034926118006,-0.5195769159398678,-3.1384087286992823
209,0.9132106564130771,-0.595794797187299,0.1439701897018919,-0.6253596777287651,-0.9326618168252199,-51.38590051892166
210,0.8028849425052664,-1.533261316513923,-0.8964059196617247,-1.9921241602964934,-1.9017134249670553,-3.8010934652434325
211,0.2632467094161317,0.18756414339811123,-2.1460875501322696,0.8075317103915625,-0.5182341650671884,-3.707713125845735
212,-0.23562676720075837,1.1956905687036334,1.5522127752343629,1.0902270329412822,0.019293845263357312,-2.276559865092753
213,0.5938322423915121,-0.28273731608984276,0.25331673178481395,1.2253575570158493,-0.05787037037036091,-0.8052919183203944
214,-1.9453947809753847,-0.8891222543099708,-0.5310492505353315,-1.0004964295260987,-0.2895193977996535,-1.3627138300956743
215,0.2804953136758437,-0.46620869903049034,0.5424954792043302,-2.1870781099324943,-0.8904374758033295,-0.7348618459729561
216,1.8556419702551619,-0.040806912336111,-1.0577252483727206,2.326681914977513,0.8203125000000089,-0.9771986970684043
217,-0.2143335565974569,1.0898118565850101,-0.1082016879463299,0.7823338985663453,0.30995738086010416,4.575358851674638
218,-0.805477245267816,0.050918284931711355,-1.9237435008665593,0.25620435165003563,-1.313248358439545,1.0008578781812938
219,1.2383272431993442,2.1234403243072464,0.4726983566001097,1.910900907773283,1.0763209393346296,-3.4824462061155192
220,2.947663926208155,0.05498943171859949,0.2901991821659289,-0.41543470938283367,0.09680542110357404,2.170724552654746
221,-1.759511751720566,-0.012022327179039838,-1.4248761453812042,-2.57441371016236,0.03868471953578645,-1.7226528854435874
222,2.385830414381074,1.616338589439681,2.0770325564845926,2.5189985726960407,0.40603248259858393,1.4022787028922012
223,-0.34211205783629683,-0.2586250612755303,-1.7907716439370835,-0.9218844069837417,0.46216060080879195,0.4033419763756818
224,1.8459744802124423,-0.8948242551604979,-1.3975155279503104,0.8621017052143909,1.8976423231742423,3.1850789096126375
225,-1.0938692444670606,0.4685522760696337,0.1934758155230698,1.6567512613901547,0.3386004514672525,-0.2780867630700734
226,1.4660493827160392,2.605868736383443,0.9744925453565534,0.2111267501296421,-0.5811773528308972,-6.66480758505299
227,-0.14575411913814174,4.150423834248462,3.411162997553907,0.347440399186838,-1.2068640392230767,0.537795040334621
228,0.22212350066637132,0.44755913036553796,0.7612248408739086,-0.19153559983794421,-0.4581026913533126,-1.7236255572065429
229,1.5007598784194665,1.0893349823993814,-3.265184173460245,0.9779680407425273,1.4189837008628858,-0.2116722104626545
230,0.9857133944725094,-0.6603610810471672,-0.7059654076950195,-0.6249543162049509,1.1911514463982087,1.3333333333333197
231,-1.3652931364675491,-0.23684709151771122,0.06665481692142983,0.04045456217129928,2.8961136023916367,-1.3456937799043112
232,0.4509582863585049,1.0145294545915062,0.6128158443980514,1.8307477391368288,0.7263482840021762,-4.243710215216733
233,-0.2992891881780757,6.621437412844888,4.025246060820065,-1.4404332129963948,-0.4146385433567823,1.3611902500791473
234,3.101938711694796,0.18222163441050654,0.7849293563579218,-0.3699498186879535,-0.25343953656770113,0.9993753903810187
235,1.7287395365764846,-0.6747539348422427,-2.7953186831691568,1.3235294117647012,0.1814882032667775,0.8348794063079978
236,1.8245781408383621,2.498781622435864,0.5067128627111117,-1.0957910014513739,-0.6884057971014435,-1.502606562404185
237,0.5036013351291224,1.9883293710827754,1.3875123885034757,-1.1519553892435308,1.5140459686245888,0.34246575342467
238,0.5302103361883193,-2.466624284806107,0.7437630158527719,2.2676662707838524,0.4132973944294571,1.085944771951608
239,1.2287005911672644,2.32187604107823,1.2065474181572666,1.680275812012355,0.7337151037938527,-0.36832412523020164
240,-1.16225810145425,-0.9158857336994952,-0.20425177157149532,0.1606110357627255,2.060756795167884,-0.7085643869377711
241,0.22591670045764012,-0.5114651046503327,-1.2113111398855514,-1.8102127356305564,-0.7832898172323799,0.3412969283276279
242,-1.248410588371296,-0.031592400591640146,-0.7991205445858518,-0.6568680820177808,-2.754385964912287,-0.12368583797154331
243,3.6638183307971417,-1.7180205415499583,0.8439178245673862,1.4941185066121188,1.8401587587948853,1.7337461300309664
244,-2.2922312556458935,0.5919408351481303,-1.4750633981403305,-1.7456718136990235,0.15943312666075737,1.3694461351186904
245,-0.6009476482144893,1.3977682203882402,0.44185148642272853,0.7876034874349847,-0.14149274849662996,0.3902731912338586
246,-0.41855598186257836,-1.0904765998910992,-0.23063124626292453,-0.9777196234507346,-0.7616011335458861,0.44856459330142595
247,1.4711033274956264,0.16515755161172763,1.091609589041087,1.8499486125385545,1.249330715688024,0.6847275974992684
248,-1.892762628005984,-0.6768972649300542,0.7241160279483294,-0.40723655758974076,0.40542922615900423,-0.4139562389118834
249,-0.6567759338532819,1.4227257503167223,0.4414361389052379,-0.5464085398950602,-1.0358146067415697,-0.7125890736342178
250,0.7142435511481082,0.3302320238915746,-0.38508224854546524,-0.8623198952117717,1.4191946070605033,-0.7476076555023914
251,-0.48060016410738093,-0.0601047539998234,-0.5924618681457217,-0.46977648915476067,-2.413853419625689,-0.723109370292252
252,-1.531213191990577,0.2935448765679638,0.02536139994926412,-2.9794608945757695,1.2009320666786172,-0.6373292867981828
253,-1.2021531100478433,1.561942290943863,-0.3127112914131258,-0.17483181939113024,0.017711654268515176,0.8857666463042202
254,0.514558992675096,-1.345329303437126,1.2166172106824913,0.5254140491147918,-1.2750132813883597,-2.8156221616712163
255,0.19272464466393302,-0.3932856450739597,-0.7496754198600963,0.5113055334621031,-1.901345291479828,-4.361370716510904
256,1.3524885789853336,3.1072072329833222,3.0466706051143433,0.8403044690632244,0.5119765953556454,1.5635179153094425
257,1.7377379752090638,-0.4967117129616727,0.5978705978705978,0.29520570980157146,-0.9277787884300559,4.842847979474008
258,-0.903579340095606,-2.3356015394054297,-1.1316453635105361,2.5670640834575265,1.1017260374586835,4.282655246252687
259,2.3883757868109923,0.6124983937979112,0.18939393939394478,0.30150023611463794,-0.45405012713403137,1.1733646230566164
260,3.1829933927032483,-0.2667801901518385,-0.41094764526998784,-1.0828625235404732,-0.7845283707352824,-0.956799072194825
261,2.784119383039152,-50.455308613869846,1.6588264421886434,0.3478197195474708,-0.09194556822361699,1.932084309133475
262,-2.313234736442926,-0.4939547973923708,-0.8930021107322661,0.14594279042614566,-0.6258052641266332,-1.005169442848941
263,1.4307897071872189,0.6811163381338581,1.5235910878112824,-1.0601865345380435,-0.38896091868865224,0.8413112851755278
264,-1.443411700382724,-1.2985523864124993,-1.4966919477166551,-1.7748646757741904,-0.5206396429899507,0.08630609896431718
265,1.4423610340619009,0.2410548327137496,1.3597083998853288,1.2596063730084373,1.084112149532701,0.5461339465363757
266,0.6562397462539726,0.5678690424453015,1.2121701886944836,0.3406019769723656,0.24038461538462563,-0.05717552887364308
267,-0.9399108986200111,0.6654950880124355,0.6068106511237792,-0.8264767737888867,-1.1621472053126802,0.11441647597252302
268,0.5703943399330891,0.14881804132562682,0.18650053569304603,-0.052085271029433944,0.5039193729003522,-1.0857142857142899
269,0.08180182145389736,1.788878093387436,-0.3089353612167334,1.723431974688272,0.3714020427112441,0.6065857885615422
270,0.005448997384482901,2.4199887703537204,1.2951926897099675,-0.5598653395784581,-0.8880666049953634,0.545506747057134
271,0.47948564267421556,-2.003727865796834,-2.753373078129895,-1.1591536338546482,-0.22400597349263585,-2.027412906910331
272,-1.3665202537823218,2.936980783754306,3.3516173267726046,-0.9754281459419145,-1.0289990645463098,-2.2150976391722588
273,0.48930672384408513,-0.600527159588049,-1.0809756097560852,-0.5037972779908251,0.01890359168241762,3.6661698956780953
274,-2.461976146186673,-0.24603608529251142,-2.035663563200263,-0.9673518742442488,0.567000567000564,-3.0477285796434828
275,1.4583800762844934,-0.11235955056179137,0.12483891752579357,-0.27854090354091365,-0.864499154294307,-1.8979833926453082
276,-2.2998673153471816,-0.17010068863344552,0.27349877327755845,-1.2971111536254076,-1.0995260663506978,2.9322853688029005
277,2.7840651878678235,-0.5249127435622558,0.10428783442300027,0.7791905721817205,1.6484569676058936,-0.1468428781204123
278,-0.28628055494385185,0.5221571444358419,1.9713907921625307,-2.438742931876736,-0.9617197812558764,-1.558823529411768
279,-0.8392226148409954,1.8001923869726433,0.4243781681009029,0.1498245475692883,0.8377760853008231,-0.32865252464893135
280,-0.5957683741648179,0.3239740820734305,-0.6143131040419414,-2.9368922483366755,-0.77416918429003,-6.684652278177461
281,1.691592449448276,-0.8234660925726556,1.5433070866141652,0.17846278645305969,-0.8563273073263544,-0.8352071956312268
282,-1.1071330212062747,0.27405437672980426,1.3647642679900818,3.2511437710028623,2.1880998080614056,1.0689990281827155
283,-1.230923471092804,0.19483155188741996,2.1037331701346362,-1.501842992706448,-1.1833208114199745,-1.4743589743589802
284,0.8515197654091367,1.22613228184838,1.4272870307934227,-0.3543134678928306,0.9123740733700814,1.0409889394925376
285,0.6598076492954519,-0.42154691710465375,-0.6315789473684164,0.6392329204954139,-0.39555471840271306,-0.03219575016099041
286,1.3609598933451927,0.758245585831796,-4.549509366636939,-0.40095275903135885,3.063540090771566,-0.16103059581320522
287,1.38104893955171,1.7364250385576874,0.019470404984422984,0.9446370919526492,0.05504587155962248,1.0967741935483888
288,0.8432888264230387,-1.5656446849107386,1.136850301732517,1.713653952459926,0.6418485237484006,0.38289725590301416
289,-0.2358616992763407,-0.4195432819968148,0.19632752049891788,-0.26397515527950555,0.9657434402332576,-1.3032422123331333
290,0.04835849766267053,5.589035251453267,1.4638082065467906,-0.7667756500077783,-0.46922938097816447,-0.45088566827696797
291,-1.6326530612244983,-0.4318399919187921,-1.9765988867431639,1.961168856638551,0.5258386219401556,1.4881915237787036
292,-0.9936667394627507,0.49458492910949836,1.7808166261057856,-0.1038661281015485,-2.4531024531024626,1.4344915524386437
293,-0.7003418991948895,0.4088637625561553,1.172764536207671,-1.1783733826247866,0.44378698224853963,-1.005656819610301
294,2.454600988504474,0.6510154836115056,-0.3713846269272514,0.29226093055880753,-0.6443298969072142,4.4126984126984015
295,-2.1681391945362893,-0.09489798466648658,-0.40289178401988757,0.4118584139565673,-0.481749119881425,1.6722408026755842
296,1.1690398360019838,-0.9423822022247119,-0.44232732221843873,-2.635142978756355,1.768758145596716,-0.8373205741626699
297,-0.35596933187295177,0.7671343494498828,2.3847497531708006,0.9736904856529671,0.25612879619465456,-2.8648974668274985
298,0.07144820005495767,0.4532705599519238,0.5823010162451014,0.6927224780572505,3.7043795620437914,0.9003415088481681
299,1.0984182776801354,-0.33156333358262957,1.5634794793318418,3.506234608919989,0.527890198838632,1.5076923076922988
300,-1.1190786614515336,-0.8754377188594287,0.47925062629341486,-0.24924471299093698,0.17503938386136397,-1.121551985450131
301,0.3845731238325545,-0.8478425435276327,-0.7588075880758827,-1.1168319830393014,0.36694041586580184,-2.636419374616794
302,-0.41046409807355966,-1.066320557845979,0.01456399053341162,0.42114935487576055,5.344707520891379,4.1561712846347465
303,2.571852503159855,0.04372990353698203,-1.6345698787724405,-1.2276487856952345,-0.49578582052552944,0.6348246674727775
304,0.28931154567373163,-0.22626761287667385,1.043671354552167,0.5365345273478317,-1.1127719647899048,-1.2616401321718151
305,-0.6624285485335779,1.8709411400886555,-0.8094645080946372,-0.33018505720647795,1.310043668122285,2.220870094310934
306,-1.9844044097875768,-1.4217050341512771,-0.029541006609790088,-1.2018489984591652,-0.7957559681697757,0.4166666666666652
307,1.0260068034675829,1.5936152740710252,0.7719868503675009,0.5926388022457818,1.5875668449197855,-0.08891523414343849
308,1.2762721989898473,-0.1970244259769216,-0.2529140092368487,0.034883720930234396,-0.7073531830893209,-0.23731830317413882
309,-0.579150579150578,-0.4150742831110388,0.5365082864807302,0.37583788600874524,-0.23194168323392717,-0.8920606601248937
310,0.1402373247033406,0.33801814623732884,-0.38013085273584934,0.227746467999701,-0.04981733643308894,-0.4500450045004545
311,0.5278466013142413,0.017730496453904898,1.262153733259952,-1.043712690159826,0.5150357202193145,-0.3013863773357439
312,1.3662666095156428,0.9496796414009578,0.3985651654045519,-1.560675644119247,0.7603305785123915,0.5743651753325141
313,0.903853269200261,0.3537203351563045,1.6817640477823081,0.347922350057317,0.3772965879265122,-3.426510369702429
314,-0.4243059193294818,0.16998725095616063,-0.03194321206744233,-1.2450258067058018,0.6373590455956757,0.03112356053531773
315,0.08417065600505591,0.24706146589803524,1.5089114535255188,-1.7235188509874266,-0.14615134784020656,-1.3690105787180995
316,1.077529566360047,0.21160069703758388,0.05596166625860821,0.6901311249137398,2.049113677020653,0.662460567823353
317,0.8372334893395728,-0.13911315364550925,-3.2229873807110065,6.737088255452961,-0.14342629482071434,-0.5640864932623058
318,-1.2119024289618863,0.38309410681858225,-0.021672385768467528,-0.08687769131979772,-0.12767315671881052,-0.5988023952095967
319,0.5533514303612597,0.8648675439248521,0.9718559196502774,2.230539488110095,-0.28763183125598557,-2.7266962587190746
320,0.5399231647803981,0.38818731266276885,-1.366824101903541,-0.6767501201878523,-0.5128205128205221,0.5541069100391205
321,0.8416812971186793,0.38668624571709387,2.6917216861350957,0.9829473527440458,0.9664948453608213,1.1993517017828248
322,0.4147677812484041,0.8922911892339735,0.6570580754557076,-0.036870437283387236,-0.5583918315252068,-0.3523382447149115
323,0.34166241713411427,0.13531799729364913,-1.0247771460658472,-0.29876069637060354,0.3690036900369176,0.6107360977177789
324,-0.09147735935355339,0.5019305019305031,0.4325934330898562,-0.3699456179941496,2.25383631713556,-1.4376996805111841
325,-1.7956152398392655,-0.19208605455244276,1.7582262392317416,1.7080687683338924,0.0,0.8427876823338787
326,-1.8129079042784602,-1.2269053117782924,-0.47533134411212874,-0.47825928224598524,-2.079099577927168,-0.3535840565734527
327,-1.6933952310614009,2.2407326221442814,-48.60379989541572,-0.2714600146735191,-1.1494252873563093,-1.6451612903225832
328,-0.25221357660316635,-0.9362046786411948,-0.9835176015736247,-0.8313102332082711,0.20994832041343336,0.22958346999017998
329,0.5971594577146577,-0.1899723457977509,-0.37676394026578963,-0.06676557863501964,0.17727639000806317,0.5235602094240788
330,4.144606663457928,0.21924541030211575,0.7770061197827083,0.02969341548513249,-0.11261261261261701,-0.13020833333332593
331,-3.7331827051453215,0.04327235137149277,-0.2661026200873273,-0.794063079777374,-1.2562409405701302,-1.5319426336375397
332,0.6187656691737375,-1.6580559894268876,0.4720530888691066,-0.5348593656492984,-3.0500733974881844,-0.23171135385635644
333,-0.5301383661135528,-0.11240073304825682,1.1711834400109034,1.6996954085661597,3.2301480484522305,-1.0617120106171218
334,1.465650482332248,1.0494385870495782,-1.238390092879249,0.4880754298391521,0.11408083441981631,4.124748490945684
335,-0.11030570438070875,0.4236467512346298,-1.0562900367997785,-1.0376421238547207,-1.6767051929024834,0.8373590982286627
336,-0.45222695482989295,-0.16392257069161031,-0.9435911564157351,-1.2530210076222237,0.41390728476822236,-2.5231555413606
337,0.2482700332787413,0.3452855245684061,0.09039076623555964,0.3765343775886665,-1.1871393239901162,0.6225425950196595
338,1.159237011276204,1.215169161172347,-2.0076415422021543,-0.24007802535824796,1.435007508760222,2.9957668511885416
339,-6.651734555682887,4.531298290659236,1.836098114277629,-0.8535759945852539,-1.9740088830399682,-2.0233955105912194
340,-0.34038279113888237,-0.69367054060816,1.106856943961021,0.0530966738726546,1.074005705655301,-0.5162955792190949
341,0.03919372900336171,-1.8802674972517308,-1.1498209859542863,1.0310450703157725,-2.6564834799933545,0.19461563412259686
342,-1.779817540717521,2.1800527507410683,0.9681688375008601,-1.707124901512025,0.051168343851282216,-1.1654257041113558
343,-1.880449028434672,-0.2352833679786226,0.7243377483443725,-2.8857164669058855,1.5172178656665425,0.45856534556174555
344,-1.550612695278475,3.2902871273526646,2.2738168618587906,-1.8866441317506477,-0.2183039462636316,0.3912618193674611
345,-6.606890042472868,-4.1098623395624205,-2.4308578316480256,-0.21232273055042938,-0.6395153147088606,2.8905488795063494
346,0.3916119252147521,-4.533370321566443,-2.9238160603980767,0.9996386848127203,-2.7439024390243816,-11.426767676767668
347,-3.164716245123955,1.8331073227431105,2.460407239818996,-2.4246760473805584,-3.692093347265768,-15.85887384176765
348,0.6887141836138033,-1.1937317194968156,-1.4007728401876918,-0.9817500407365287,-1.1934900542495575,5.760271071579837
349,-1.297025230689819,0.685904069697485,0.4618937644341736,0.46900069938700106,-1.7203513909223922,-1.7621145374449254
350,-0.09152719665270759,-2.3042355865761643,-2.4103099965168906,2.42414315548094,0.5959031657355673,1.1006930289441552
351,-4.443135715220525,-3.1146016833039636,-3.8689413948176155,-1.982968856194789,-1.814142910033334,5.645161290322576
352,5.252345408477721,-3.113714992802852,0.8093859062894282,0.7668148631561955,3.7707390648567207,2.2137404580152786
353,-2.5374105400130076,1.6264400771516474,2.9463759575721893,-1.5260068811981276,2.652616279069764,0.8588498879761097
354,3.831775700934581,0.6565786098999826,-0.5080137378362881,0.678230845116734,0.05309734513272435,0.29618659755643595
355,-2.3530924521023566,-1.6766039851194958,1.4527148507730958,-1.0411137876127907,1.3444188926234002,-2.325581395348819
356,-2.39662891756649,-0.839639266093084,-3.0906642092578207,-0.48271309513987504,1.0473031942747513,0.6424792139077873
357,-1.005126821370761,-0.5331381977838223,-0.5266622778143382,0.045603416110440165,-0.3282086716185795,-2.553511077731885
358,-0.5178875638841451,-3.118759852863895,-3.287006397529235,-0.48897729156305303,-0.8665511265164683,0.19267822736031004
359,0.863072813206367,0.26306511539608834,-1.1861313868613221,1.5157824602315406,0.6118881118881037,5.807692307692314
360,-0.339558573853993,0.24344062753582918,-0.1615881809787556,-1.4234145541061727,-0.06950477845351077,1.8538713195201728
361,-0.7563884156729039,-2.908796546141401,-2.3352601156069297,-0.3412259165244791,-2.3126412797774387,-1.7487508922198303
362,2.925020598736605,3.9964426657773444,1.7597853535353591,5.3321641822205335,0.9255962976148169,2.760624772974918
363,-0.42695130086725097,1.2720470336718304,2.303218301667309,0.7888686276064316,-1.6049382716049387,-3.640862495581465
364,2.6329894144446087,2.287840405319841,4.06306852637961,2.0648967551622377,0.41226026169565166,1.5774027879676966
365,-1.292512566094406,-0.12382942496711458,-2.870046620046607,2.254335260115603,-0.9639414494823417,2.4557602022390768
366,3.637325573705441,-1.1520082655301578,-0.667466626668678,2.370454117203691,2.1088680605623633,4.5118082481494515
367,-1.0337566205092075,-1.1811126499255309,0.5662514156285381,-0.5926962155794357,-1.288614298323032,-5.362563237774021
368,0.38042426977882293,2.213290319168637,0.06756756756758353,1.0147020701403386,-0.8226037195994351,-2.102637205987179
369,1.8627954779034006,0.4889532777978989,1.3579413309325439,0.15397587711258875,0.991705733862247,1.1649071714597614
370,0.29638037583554766,-1.6965733851659226,-2.3686158401184265,0.194004172919926,-0.9998214604534983,1.943145016192882
371,-1.804464005029871,0.29593547035406953,0.7126611068991817,-0.102294315358753,-1.2263300270513922,-4.65937169078715
372,1.1717249327698687,1.049690576285367,0.2258355916892496,1.7480983031012087,1.0954902318787596,4.701962236208801
373,-2.5884437693816764,-2.8062740639292927,-1.8777226979119765,-0.46006757242469387,-0.14448257178979462,2.8288543140028377
374,-0.4028066528066532,-0.4147502193390662,0.48989589712185033,0.9966057629811509,-0.7053716766142082,0.859697386519942
375,0.1435094585779506,0.7341751875483915,-0.8455210237659938,0.03932785126921079,0.7468123861566589,-2.2502557108762478
376,1.7912975508077134,0.8401356938407822,0.13059844818315014,1.2973088881741202,2.8747062014102376,-0.5580746424834193
377,0.15997952262110093,-1.2720439433362318,-1.5804818167868717,-0.2893028506915085,-0.2284710017574576,-2.4552788495264766
378,-1.7250191668796266,-3.527219486223876,-3.4767695665731124,-0.778430401245489,-0.7398273736128336,1.8338727076591121
379,-2.9905083864256943,0.030353200883004305,0.2665159101921999,0.5741387918122953,-0.4436557231588312,-2.3658192090395436
380,0.24125452352230514,1.850983421147001,0.11276681433749491,0.8403361344537785,1.8360071301247727,-0.9403254972875308
381,0.5147747025003424,2.391528086235861,2.807949151178679,0.6751054852320637,-0.2800630141781779,1.0952902519167473
382,-0.44562687063518513,4.954371114931888,4.304272969165757,-1.969823973176854,-0.9303142004563947,-3.178042614662313
383,3.313735970069498,-1.1769746458994979,-0.8028211284513809,1.3574176998717435,1.8958185683912276,0.5967922417008387
384,2.289187790998448,0.3927469332585254,0.9681567203691177,0.7065274702098501,-0.6085898104677412,-0.18539117538005634
385,-3.7741813124288814,0.718912739743427,0.43448947486701694,-0.3490401396160525,-0.9972008397480803,-1.3372956909360911
386,-2.726496288023128,1.435129136400315,2.222719474901158,-0.5323992994745952,-0.3887612652411998,2.1460843373493965
387,-3.0055382952856924,-0.2038938757241926,-0.5618387449835893,-1.7677301218395725,-2.3061912364732984,-0.995208256542568
388,-0.9887890815402756,-0.7001370374984384,-1.8931611388318115,-1.0969314597074842,-0.8353005266025115,-2.6433358153387987
389,1.427667205851324,0.12545792141316348,2.139117427075532,1.478796665458515,0.36623329060612164,-0.7648183556405397
390,-1.4630425738455188,-0.9723336006415395,-1.991798476859974,-2.2965926137581305,-1.3136288998358059,3.545279383429678
391,1.6606853845612557,1.2248203259439316,0.791990436341905,-0.4642661305062967,1.5714549824366708,-1.7863788611834797
392,3.9385339516854634,0.8399999999999963,0.5930318754633124,2.8573527251358755,0.49144521295960697,3.145130731337642
393,1.1188066062866486,-1.6957556525188489,2.8371407516580627,1.8674569735056767,-0.27168991124796316,0.9551800146950784
394,-0.25684931506849695,0.3606375466559175,1.1895378000716494,-1.0550667741596187,0.16345804576824996,2.8020378457059625
395,-0.11885110597557036,0.22867194371152255,-1.6500247857800354,-0.2408955646875488,1.4868540344515013,1.1681415929203576
396,1.9303232630395906,-0.32342175199318035,-2.563364055299533,1.4559659090909172,-0.6074682865821135,1.2946116165150512
397,1.517608145794136,-0.9759287672611028,-1.7366242979603874,0.4375218760938049,1.9054467014200993,0.8290155440414448
398,1.6354692391234993,-0.7315400441972209,0.330901707151976,1.118661787767894,-0.282236726053986,1.3018156903048972
399,-1.7977245584260615,-2.98098820398659,-3.1257027209354526,-2.122966639095669,-2.0873872280205097,-5.478525532634427
400,0.960122895730664,1.1973836902626989,0.4333023831631033,-1.0704225352112684,-0.27100271002710175,-3.3631484794275357
401,-0.12045901223609601,-1.5272348188689056,-0.7627118644067843,1.2706435079726797,0.2355072463767982,-0.29618659755646926
402,1.0092674876221785,1.0454160491213171,1.9796599642884827,0.16869925842617484,1.4820169889752544,-0.5569996286669099
403,0.9928988877018652,-0.6757641635454115,0.022838002436076366,1.0069822111504978,0.534283170080152,3.2113517550410586
404,0.03733432891543931,-0.1582236755359845,0.304437171778682,-0.1285257746283297,-0.21257750221436167,-0.8321273516642358
405,-3.794240218946321,0.5150418636591825,0.925715152894746,0.30259817049842486,0.3728031244452312,0.4742794600510525
406,-4.092584211547157,1.0773596804708907,0.6014585369521042,-1.137388168388942,-0.7428369296073489,-0.32679738562090277
407,-3.154914385870311,-1.2140591691363722,0.014946566026452501,-2.139600140301645,-0.6236635780470401,-3.3515482695810506
408,1.0162884588612142,-1.2158214689860336,-1.210490921318097,-0.49820788530465787,0.7530930607853481,0.9800226159065062
409,0.5443770672546755,1.12156006074009,1.6110732924892401,-0.30618493570115923,0.24915465385300095,-0.373273609555802
410,-0.8429854019601057,-0.22920069550557143,-0.2456453774006384,-0.1156236450354009,0.9231315462453482,0.4121393780442295
411,0.40088471108652435,-0.34855166222175216,0.902917692709515,0.2785414556504051,2.163588390501303,-1.4925373134328401
412,0.9500206526228849,0.08479291979119896,0.5324656115959225,0.472565924750179,-0.2754820936638924,-1.5909090909090873
413,-0.7228587015821186,-2.435731116465012,0.5590701780197049,-1.651586959643836,1.9854972375690672,1.0007698229407058
414,-0.4602280533040237,-1.590187511872132,2.6920263350402207,-2.6066004672897103,-0.3555104113763363,0.8384146341463561
415,0.32433924504864375,3.0084103129739415,3.5190198033907993,0.5247769697878324,0.7645259938837912,1.7006802721088343
416,-0.08942082817443575,0.12581646857265927,1.4037985136250875,0.093220970989627,-0.8430281571404463,0.9290226681531122
417,1.1566265060240832,1.2913402668235152,-0.4682410423452632,0.2905785493424684,-0.03400782179902029,1.36229749631811
418,0.04083577213640499,0.33521617484031374,-0.32726528942523814,-2.09130418632294,-0.8504847763225021,0.14529604068287405
419,-0.6326961017756427,0.42353931549732327,1.9221560982283226,-0.2541922755899595,-0.531823640418605,-1.595937613347831
420,-2.985074626865669,-0.356263425368053,0.04697986577182345,-1.0193602373435695,-0.051741979993091824,0.22115739034278548
421,-1.7854622441778378,-1.382827698617184,-1.8380626551284696,0.0230565269184968,-4.296807592752372,0.11033468186834039
422,0.20837824243729042,1.3835572616762715,0.04783708057132241,-0.468707979561267,0.5769924269743765,0.5143277002204405
423,-1.9790620966585348,1.0123320449107354,-0.22540983606557097,-0.7642722044234995,0.10756543564001131,0.694444444444442
424,-1.5288953913679681,1.7805081216159868,-0.3286095707537462,1.166906530786882,-1.5938395415472706,0.21778584392015965
425,-0.5051630636654036,1.4194373401534621,-0.006868603612897317,-1.722480679764704,1.3466787989080853,-0.5070626584570914
426,1.3439856641529246,-0.06808725255327275,-0.2747630168979276,1.2832048824380937,-1.0594361644819528,-2.0385875500545936
427,0.20629190304279899,1.6503482386191592,3.25802452128392,1.533469813434274,1.1433756805807604,1.7094017094017033
428,1.2278508933166732,0.7869519884812215,1.0006003602161195,0.7836871338354978,0.7895209043603302,0.2557544757033181
429,-2.026438117373608,1.000024631148544,-0.15190542236311888,-1.2985052091197158,-1.3352323304254954,-0.9475218658892004
430,1.549410630884407,-0.2780148762346113,-0.13890726286545085,-0.21416551935139472,-1.064597618188401,-1.5820456217807255
431,1.4892685063512934,1.4795431757599564,1.1194277008677034,0.7511881036333046,1.2949115447747683,3.065420560747656
432,0.834412314774835,0.3903990746096042,0.09170706144374652,-1.3960742544126714,0.9362621534029669,0.14508523757708058
433,-2.6822656584391424,-1.032214700657741,-0.40575916230366493,-2.6465028355387443,-1.7124509454156334,-3.078594712060845
434,-5.065239700923629,0.21829824391190744,0.24970429754238577,-1.2086387953239575,0.5807622504537369,1.5321375186845954
435,0.17759246390240957,-0.6921922648724599,-1.619035133717872,0.028078620136384735,-0.6495849873691895,-0.8097165991902799
436,-1.1099121319562255,0.672645739910327,0.5929775468052512,-2.422103701327327,0.5630221576462091,-3.5992578849721624
437,-1.1067809820732744,-1.0070688486491841,-1.967147966618099,0.9000123289359951,0.37926675094814843,-4.041570438799081
438,-1.0797604035308939,-0.7287488995402436,0.25673940949937357,1.262626262626254,0.7916516732637824,0.6417970316887178
439,-0.45414707991393577,-2.926540868108596,-0.12130197452659974,0.11262167162739978,-1.9278828989646724,-0.3985651654045408
440,1.2646070113654595,-3.324366847688165,-2.260306322110517,1.1088790678987603,0.4368401892974161,0.5202080832332756
441,0.15017388555167432,0.5223645527089538,2.2642551428966096,1.4503695462131372,-0.01812250815511618,2.9458598726114893
442,0.10259648015153999,-0.028724376550459674,-0.978803834210884,0.5914378598566472,-0.29001268805510794,1.39211136890951
443,1.9552191737622238,0.5981611116915753,0.2045129183993355,-0.2920333307374845,-0.2726776949645515,4.652936689549958
444,0.6340859882462135,3.0898657596136303,2.714470372134148,-0.35146639590737383,0.8749544294567979,1.0204081632653184
445,0.09220839096355515,2.6975291539682145,-1.642601669095245,-0.7837911980248413,-0.4336826888326706,2.633477633477632
446,0.7446645171196087,0.9515867955069313,-0.9764309764309753,1.4891179839633617,-0.14519056261341756,-0.9490333919156324
447,-1.562142802712796,-3.62713182061124,-0.1292077524651547,0.6421732700241378,0.3453289712831653,2.6259758694109125
448,0.5883263663105875,0.6024855680758279,1.0349993190793993,1.2065431764569423,0.7788444122441396,2.3858921161825863
449,1.0851162074803744,-0.3658414353012063,-1.267017118210001,-0.21015627985174756,1.563623292595273,3.78250591016549
450,0.327369623144258,0.5784417282832965,0.0,0.8577117475876861,1.1325429127587938,0.8135372600065027
451,1.957808468659894,0.6851370274054913,-1.3037542662115986,2.6879271070615163,1.5223097112861073,-3.0342156229825834
452,-0.24560881214646946,0.46689514727065173,-1.4662148143025133,-0.9612540668441305,0.6549465701482182,-0.9986684420772329
453,1.6265015295083174,-0.3905670638255865,-0.15441847406472142,0.5338211139316096,0.32534246575341985,3.36247478143914
454,1.0057998678511204,-0.11663688703592578,-0.6045694200351392,3.1450744495191474,0.5291005291005346,0.2602472348731233
455,-0.5378688762901485,-0.593803572759577,0.21217907914279355,-0.7415940672474752,0.13582342954159277,-3.4717715768981194
456,0.2484653610055343,-0.6548362909272631,-0.014115322182228773,0.08341796024953219,0.20345879959309254,1.5798319327731125
457,1.2684064732468414,2.644158196638813,1.439966118444258,1.213988041311831,-1.5905245346869656,4.136333553937788
458,-1.324503311258285,-0.8407068800705964,-1.162062486952875,-1.2602935911206536,1.0144429160935386,3.463616142357817
459,0.5836008170411411,0.0,1.6967051534778843,-1.5193269997824332,1.940425531914891,-0.061425061425079974
460,-1.5665796344647487,-0.3831322918726565,2.3122187608169087,0.9536433594756755,-0.18367006177993916,-2.2741241548862923
461,0.029472443265543546,-0.4664896652688433,0.5616076865823105,1.7360857830622134,-0.23419203747072626,-1.2264150943396168
462,-2.091926929876242,-1.0669857652132797,-1.0563854124613137,-1.2870151287015186,-1.0563380281690016,4.64820120980578
463,0.7523322299127333,-0.08063500062995832,-1.0200612036722179,-0.28690757218086116,-0.5592272496187212,-1.551566778217206
464,-1.4262246117084931,-0.7439537992081302,0.267949158364833,-0.46255827505826685,-0.10224948875253714,-0.21631644004945771
465,-0.621165063252771,1.6464251232277904,1.1100452240646819,1.4819422591386466,2.3541453428863823,-0.09290802105913487
466,2.7364890616662807,0.06748987651852278,0.8200054215234509,-0.10095911155982851,-0.9166666666666656,0.9609423434593811
467,-1.9290695948953829,1.4987635200959248,1.5124016938898865,1.9418176568252399,0.0,-2.5483573840958007
468,1.1650779240429676,2.345384293554509,0.5694609985432253,-0.17348817447954135,0.21867115222875544,-0.3465658475110156
469,-1.518097517200112,0.0,-0.8032657361074613,-2.2486256428444817,-0.5874454514937955,-2.971862156180849
470,-0.7745462829372052,-3.116433415091624,-0.7168458781361964,-0.6784949747832059,-0.45585007597500615,1.1404366243075836
471,0.7423280018366896,1.6778356912385384,1.524267950260727,0.3726163512822289,-0.08480325644504294,2.0940721649484573
472,1.3369796414463675,1.0960308548552344,1.0470169893322945,-0.010918619886435277,-0.6111016805296243,-4.039129062795821
473,0.1274362818590724,1.0020523964747063,-0.8667318344737662,0.11283805918538281,1.2126387702818153,2.2032226241367914
474,0.359362132215324,-2.4503944537413336,-1.038653694451741,-0.26541593949971354,-0.5399932500843807,0.7722007722007707
475,0.37299515106303804,-1.0170322264428378,-1.328550551348484,0.4702708614341411,0.576857821513399,0.8620689655172376
476,0.8101077666295087,-0.24758603614756236,0.6799515282078783,-1.240928882438308,3.154520917678827,-1.6460905349794164
477,0.7372456502506619,4.904442789774155,-2.7081243731193583,-0.29392313909912815,-0.08176614881438837,-0.8690054715159268
478,0.7172131147541005,0.8754081294657601,-0.46735395189002604,1.8055862628049146,0.5564648117839521,1.103896103896096
479,-0.5013806132829646,0.8560840604184161,-0.9736224278414696,-1.498479803098307,-0.911458333333337,0.25690430314708745
480,-1.6431753450668274,0.5302202274365619,0.5578411547311868,-0.04042037186742231,-0.8541392904073519,-4.067905188981413
481,-1.136026136026136,-0.29609752712298487,0.9916094584286883,-0.8785795684299602,0.5301524188203954,-0.2337228714524131
482,0.3604956815621341,1.3178348530196393,1.1329305135951762,0.9234534935469441,1.0052735662491763,2.945113788487297
483,-0.44900097283544493,0.5289793675147259,-1.0727136940729243,-0.40421857200602096,-0.7505302659487678,-0.7152145643693264
484,-0.8569495602495536,1.984054669703883,1.2970969734404036,0.22506733571929782,0.13151405556470763,0.09823182711199419
485,-2.145727500189565,0.9738446762413089,1.8089430894308922,-0.7104991901045521,-1.0507305861106486,3.40202813215571
486,0.09298000929800487,-1.9886300794124678,-2.735076861649044,0.756367950761927,1.2112161937945842,0.03163555836760423
487,-0.015482272797651131,-3.7645571905750685,-0.985221674876835,0.3569457221711092,-0.24590163934425924,-1.2333965844402162
488,-1.1303809228863315,1.2124765478424004,-0.7186290768380399,-0.7993546494573067,0.9038619556285932,0.3522254242715128
489,-0.3915426781519238,-0.2734203026160342,0.8560690423162542,1.0275744806682807,-1.6612377850162896,-2.0740268028079156
490,-2.256289308176107,0.04182253305142769,-0.7176868401076453,-0.4573393824088945,-0.41404438555813217,-0.8145975887911328
491,0.6112764417276706,0.9150660752026418,0.23632445958154946,-0.2866909251295513,-0.2660901380342473,-1.0512483574244391
492,0.5276201135182568,-1.69156060850153,-0.5824838776783747,-0.07003575509602067,-0.7003501750875496,-1.9920318725099584
493,-1.7733598409542695,-0.33008708680588583,0.3975727139569063,-2.7923275544079584,-2.837951301427366,-3.387533875338755
