Symbol,Series,Date,Prev Close,Open Price,High Price,Low Price,Last Price,Close Price,Average Price,Total Traded Quantity,Turnover,No. of Trades,Deliverable Qty,% Dly Qt to Traded Qty
M&amp;M,EQ,15-May-17,1367.85,1373,1386.65,1370,1374.8,1375.65,1378.31,558190,769357918.2,38442,386664,69.27
M&amp;M,EQ,16-May-17,1375.65,1377,1380.5,1363.1,1364.15,1366.35,1371.22,516012,707563397,29075,334469,64.82
M&amp;M,EQ,17-May-17,1366.35,1363,1384.35,1360.4,1379,1378.8,1378.56,920884,1269496570,32299,689649,74.89
M&amp;M,EQ,18-May-17,1378.8,1369,1372,1347.5,1347.5,1352.85,1361.7,1217846,1658344015,20476,1043736,85.7
M&amp;M,EQ,19-May-17,1352.85,1350,1357.6,1328.5,1338.2,1333.4,1344.8,976742,1313521664,36297,773590,79.2
M&amp;M,EQ,22-May-17,1333.4,1340.15,1341.95,1301.1,1307,1306.25,1313.89,436797,573901073.9,26521,261661,59.9
M&amp;M,EQ,23-May-17,1306.25,1315,1338.35,1300,1328.35,1331.75,1324.9,780182,1033663449,40561,445992,57.17
M&amp;M,EQ,24-May-17,1331.75,1331.5,1338.8,1301.45,1308,1308.65,1314.05,625683,822180435,29997,382266,61.1
M&amp;M,EQ,25-May-17,1308.65,1311,1335.9,1304,1335.9,1327.5,1321.97,1456698,1925707945,60911,1095811,75.23
M&amp;M,EQ,26-May-17,1327.5,1334,1348.9,1327.5,1341,1340.85,1339.17,335223,448919974,16125,156414,46.66
M&amp;M,EQ,29-May-17,1340.85,1345,1375.75,1327.4,1362.9,1360.05,1353.03,1058764,1432543454,37535,603995,57.05
M&amp;M,EQ,30-May-17,1360.05,1364,1379,1342.3,1367.65,1361.1,1362.54,2223885,3030140652,68059,815525,36.67
M&amp;M,EQ,31-May-17,1361.1,1392.5,1448.5,1392,1413.7,1416.95,1424.14,3941786,5613656174,146225,1848666,46.9
M&amp;M,EQ,01-Jun-17,1416.95,1430,1441,1416.1,1426.65,1425.25,1429.3,1712339,2447442776,55540,1120694,65.45
M&amp;M,EQ,02-Jun-17,1425.25,1430,1434.75,1409,1421.95,1418.5,1425.52,1442389,2056158309,57116,1022592,70.9
M&amp;M,EQ,05-Jun-17,1418.5,1424.95,1432.5,1421.1,1423,1423.7,1427.16,1151951,1644020715,49138,966825,83.93
M&amp;M,EQ,06-Jun-17,1423.7,1423.05,1429.85,1404.15,1409,1411.45,1410.94,803816,1134133211,24783,595729,74.11
M&amp;M,EQ,07-Jun-17,1411.45,1423.15,1451.1,1413.55,1430,1431.9,1438.06,1904689,2739057165,74038,1150446,60.4
M&amp;M,EQ,08-Jun-17,1431.9,1433.5,1440,1410.1,1416,1417.5,1418.61,849201,1204683318,31059,542704,63.91
M&amp;M,EQ,09-Jun-17,1417.5,1418,1434.7,1414.1,1427,1426.7,1427.36,908631,1296942194,45358,678656,74.69
M&amp;M,EQ,12-Jun-17,1426.7,1435,1458.95,1415,1425,1423.55,1436.19,1911487,2745262446,43194,1123387,58.77
M&amp;M,EQ,13-Jun-17,1423.55,1433,1439.85,1414,1416.9,1417.65,1426.82,983018,1402592469,37872,624543,63.53
M&amp;M,EQ,14-Jun-17,1417.65,1430,1432.85,1401.1,1403.45,1405.2,1410.64,942385,1329370573,48226,625033,66.32
M&amp;M,EQ,15-Jun-17,1405.2,1409,1414,1378.85,1389.85,1387.65,1391.97,1567392,2181769486,44283,1157519,73.85
M&amp;M,EQ,16-Jun-17,1387.65,1398.2,1409.35,1383.3,1384,1387.3,1395.65,1650375,2303340191,41816,1308289,79.27
M&amp;M,EQ,19-Jun-17,1387.3,1393,1405,1383.75,1386,1388.25,1393.69,1112550,1550548334,41169,835879,75.13
M&amp;M,EQ,20-Jun-17,1388.25,1394.6,1399,1385,1386.7,1389.45,1390.46,939704,1306622140,48781,737146,78.44
M&amp;M,EQ,21-Jun-17,1389.45,1392.7,1395.4,1380.95,1383,1387.15,1386.75,1494718,2072792837,45285,1134404,75.89
M&amp;M,EQ,22-Jun-17,1387.15,1385,1407.2,1381.7,1397.2,1396.3,1397.62,1128366,1577031004,39841,645065,57.17
M&amp;M,EQ,23-Jun-17,1396.3,1400,1418.25,1370.1,1382,1376.2,1393.99,1220802,1701779938,48080,605566,49.6
M&amp;M,EQ,27-Jun-17,1376.2,1393.3,1394.5,1365,1368.95,1370.3,1379.19,1668109,2300640430,39979,1231722,73.84
M&amp;M,EQ,28-Jun-17,1370.3,1370,1375,1348.75,1353,1356.05,1358.35,827917,1124602077,28578,524256,63.32
M&amp;M,EQ,29-Jun-17,1356.05,1360,1379.1,1352.15,1360.1,1355.65,1364.33,936894,1278234630,40064,603955,64.46
M&amp;M,EQ,30-Jun-17,1355.65,1355,1358.85,1345.1,1355,1348.6,1349.78,954758,1288711224,24904,675209,70.72
M&amp;M,EQ,03-Jul-17,1348.6,1356,1372,1343,1364.1,1366.45,1365.38,1023959,1398092392,27860,673334,65.76
M&amp;M,EQ,04-Jul-17,1366.45,1365,1377,1351.7,1355,1355.15,1362.67,430180,586194939.1,18659,261784,60.85
M&amp;M,EQ,05-Jul-17,1355.15,1365,1395.4,1361.5,1383,1385,1384.49,1216606,1684373320,41595,570632,46.9
M&amp;M,EQ,06-Jul-17,1385,1393.7,1393.7,1370,1370.95,1376.05,1384.15,780888,1080869933,32579,545196,69.82
M&amp;M,EQ,07-Jul-17,1376.05,1370.4,1393.85,1370.4,1376,1376,1383.17,658350,910607919.3,29442,464666,70.58
M&amp;M,EQ,10-Jul-17,1376,1344.45,1400,1344.45,1366,1367.4,1367.34,436811,597270472.1,9688,351940,80.57
M&amp;M,EQ,11-Jul-17,1367.4,1374,1395,1373.95,1390,1390.15,1390.85,2073421,2883812277,62838,1705292,82.25
M&amp;M,EQ,12-Jul-17,1390.15,1395,1396.1,1375,1376,1376.7,1383.89,736026,1018578243,38796,515386,70.02
M&amp;M,EQ,13-Jul-17,1376.7,1369.7,1379,1366.05,1369,1370.4,1371.53,794838,1090144354,32543,604713,76.08
M&amp;M,EQ,14-Jul-17,1370.4,1377.95,1382.45,1369,1373.1,1375.55,1377.05,653673,900141583.2,19412,385533,58.98
M&amp;M,EQ,17-Jul-17,1375.55,1380,1405.4,1378.3,1381.95,1384.6,1393.96,1313078,1830383721,40678,705556,53.73
M&amp;M,EQ,18-Jul-17,1384.6,1381.95,1401.95,1377,1383.5,1380.15,1385.23,822868,1139863651,21635,583077,70.86
M&amp;M,EQ,19-Jul-17,1380.15,1388,1393,1377.15,1381.25,1382.4,1383.72,1897894,2626152654,32733,1576431,83.06
M&amp;M,EQ,20-Jul-17,1382.4,1387,1397.8,1381.3,1391,1393.45,1390.38,902218,1254424096,26288,636732,70.57
M&amp;M,EQ,21-Jul-17,1393.45,1394,1398,1365.75,1382.5,1386.05,1382.3,700993,968981559,25040,384806,54.89
M&amp;M,EQ,24-Jul-17,1386.05,1385.8,1391.95,1375,1390,1388.95,1386.45,580661,805057683.3,17896,412851,71.1
M&amp;M,EQ,25-Jul-17,1388.95,1391.2,1396.1,1386.3,1389.8,1389.8,1390.25,720938,1002282594,31303,524103,72.7
M&amp;M,EQ,26-Jul-17,1389.8,1390.7,1420.2,1389.05,1413.5,1413.5,1410.26,1267793,1787917805,54494,808931,63.81
M&amp;M,EQ,27-Jul-17,1413.5,1420,1423.75,1395,1402,1398.2,1404.81,1933565,2716291896,54857,1556956,80.52
M&amp;M,EQ,28-Jul-17,1398.2,1398,1398,1376.25,1383.1,1392.2,1389.58,401658,558135356.6,24883,207552,51.67
M&amp;M,EQ,31-Jul-17,1392.2,1393.3,1409,1380.1,1406,1403.3,1397.12,510904,713794219.2,22932,260406,50.97
M&amp;M,EQ,01-Aug-17,1403.3,1415,1433.4,1403.3,1429.95,1429.25,1423.41,1941740,2763895765,34253,1415781,72.91
M&amp;M,EQ,02-Aug-17,1429.25,1430.6,1433.65,1408.3,1410,1414.6,1419.34,476469,676272724.1,21874,236693,49.68
M&amp;M,EQ,03-Aug-17,1414.6,1418.4,1421.65,1404.1,1416.55,1416.5,1413.36,563019,795747380.3,31095,285835,50.77
M&amp;M,EQ,04-Aug-17,1416.5,1420,1424.4,1395.1,1419,1418.05,1406.9,2237324,3147688738,49015,1082782,48.4
M&amp;M,EQ,07-Aug-17,1418.05,1390,1430,1384.95,1401,1400.75,1409.03,1493977,2105063229,46100,774724,51.86
M&amp;M,EQ,08-Aug-17,1400.75,1400.05,1416.55,1390.25,1399.7,1400,1400.99,852827,1194802525,33833,486755,57.08
M&amp;M,EQ,09-Aug-17,1400,1397.5,1406.6,1384.4,1390,1392.3,1395.81,771111,1076327281,32601,529597,68.68
M&amp;M,EQ,10-Aug-17,1392.3,1386,1395.8,1380,1395,1387.05,1386.52,816173,1131639712,35937,529156,64.83
M&amp;M,EQ,11-Aug-17,1387.05,1380,1386.1,1340,1350,1348.05,1359.31,1126510,1531275055,37921,718583,63.79
M&amp;M,EQ,14-Aug-17,1348.05,1354.7,1370.9,1347.6,1356.15,1355.75,1357.06,685342,930046854.3,50845,404763,59.06
M&amp;M,EQ,16-Aug-17,1355.75,1361.9,1376.45,1348.35,1368,1371.2,1366.59,744908,1017986385,43408,512155,68.75
M&amp;M,EQ,17-Aug-17,1371.2,1372,1374.95,1358.6,1366.25,1367,1368.03,611537,836600407.8,40013,385840,63.09
M&amp;M,EQ,18-Aug-17,1367,1364,1379.5,1360.65,1371,1370,1370.83,678855,930592793.8,45903,470264,69.27
M&amp;M,EQ,21-Aug-17,1370,1370.2,1392.95,1370.15,1378.55,1378.65,1380.28,702542,969703211.3,42318,478521,68.11
M&amp;M,EQ,22-Aug-17,1378.65,1382.7,1385.8,1371,1373.2,1374.65,1376.84,292349,402517219.3,15230,152245,52.08
M&amp;M,EQ,23-Aug-17,1374.65,1378,1387,1367.05,1375,1374.2,1374.93,789242,1085156223,14913,575716,72.95
M&amp;M,EQ,24-Aug-17,1374.2,1375,1383,1367.8,1376.3,1375.15,1374.92,790046,1086251764,32240,580275,73.45
M&amp;M,EQ,28-Aug-17,1375.15,1380,1380.45,1366.5,1372.75,1373.05,1372.5,1035223,1420840104,26502,880571,85.06
M&amp;M,EQ,29-Aug-17,1373.05,1375.25,1379,1367.05,1375,1376.95,1374.84,537856,739466409.9,16638,337557,62.76
M&amp;M,EQ,30-Aug-17,1376.95,1385,1388.55,1353.85,1360,1358.15,1376.14,1055176,1452074708,26166,720286,68.26
M&amp;M,EQ,31-Aug-17,1358.15,1358,1360.3,1333,1344.1,1344.8,1344.66,1558002,2094988754,67121,1021371,65.56
M&amp;M,EQ,01-Sep-17,1344.8,1344.8,1351.65,1336.9,1346.8,1347.6,1344.64,1087301,1462027917,44840,613120,56.39
M&amp;M,EQ,04-Sep-17,1347.6,1348,1348,1324.1,1326.35,1328.3,1333.51,407303,543142766,28007,182255,44.75
M&amp;M,EQ,05-Sep-17,1328.3,1329.05,1331.45,1313.45,1325,1324.65,1321.6,773888,1022767747,27611,338504,43.74
M&amp;M,EQ,06-Sep-17,1324.65,1321.4,1324.65,1310,1316.8,1316.55,1318.52,649266,856068432.2,32912,376681,58.02
M&amp;M,EQ,07-Sep-17,1316.55,1318.65,1343,1318.65,1342,1339.95,1334,1164341,1553229848,37645,826666,71
M&amp;M,EQ,08-Sep-17,1339.95,1345,1346.85,1288.2,1294.95,1295.4,1306.25,1969487,2572639909,89869,1001226,50.84
M&amp;M,EQ,11-Sep-17,1295.4,1300,1330,1278,1282.6,1280.2,1291.07,1665419,2150177448,68418,1151845,69.16
M&amp;M,EQ,12-Sep-17,1280.2,1284,1304.9,1278.95,1300,1300.75,1292.99,1061452,1372441918,39769,532150,50.13
M&amp;M,EQ,13-Sep-17,1300.75,1310,1320.05,1303,1308,1307.35,1316.46,2388029,3143736337,35552,1893940,79.31
M&amp;M,EQ,14-Sep-17,1307.35,1313,1313,1288.25,1294,1290.75,1294.82,715922,926991825.4,25326,389372,54.39
M&amp;M,EQ,15-Sep-17,1290.75,1290,1304,1285,1286,1294.25,1294.37,840187,1087512077,31964,598791,71.27
M&amp;M,EQ,18-Sep-17,1294.25,1301,1306.2,1291,1293.4,1295,1299.48,651221,846246873.6,27283,371626,57.07
M&amp;M,EQ,19-Sep-17,1295,1304,1304.7,1288.1,1294.05,1294.75,1296.38,487526,632020751.5,17824,253733,52.05
M&amp;M,EQ,20-Sep-17,1294.75,1300.1,1306.2,1289.6,1289.65,1292.45,1295.96,838237,1086325016,35420,500993,59.77
M&amp;M,EQ,21-Sep-17,1292.45,1293.5,1296.65,1280.1,1291,1291.45,1290.25,485105,625904780.6,18723,274974,56.68
M&amp;M,EQ,22-Sep-17,1291.45,1288,1297,1281.55,1285.45,1287.15,1287.01,858496,1104893454,33180,631537,73.56
M&amp;M,EQ,25-Sep-17,1287.15,1282.6,1292,1246,1262,1260,1262.77,1145208,1446133639,67063,757153,66.11
M&amp;M,EQ,26-Sep-17,1260,1265.3,1265.45,1242.35,1246.5,1247.15,1251.65,657247,822645186.9,56194,443124,67.42
M&amp;M,EQ,27-Sep-17,1247.15,1253,1255.4,1224,1236.25,1232,1237.82,710275,879195196.3,33381,451389,63.55
M&amp;M,EQ,28-Sep-17,1232,1232,1249,1225,1228,1230.55,1237.94,1541084,1907771929,58370,1175615,76.28
M&amp;M,EQ,29-Sep-17,1230.55,1231,1260.5,1231,1258,1254.25,1249.84,1216715,1520693970,46670,896825,73.71
M&amp;M,EQ,03-Oct-17,1254.25,1265,1291.45,1252.75,1257.05,1264.3,1276.39,1785354,2278804671,52181,1045836,58.58
M&amp;M,EQ,04-Oct-17,1264.3,1264,1291.8,1256.25,1287,1288.75,1279.51,1178243,1507571813,31204,645967,54.82
M&amp;M,EQ,05-Oct-17,1288.75,1310,1316,1293,1297,1300.75,1308.66,2106398,2756568497,64582,1142718,54.25
M&amp;M,EQ,06-Oct-17,1300.75,1309.9,1321.2,1299.25,1300,1303,1309.88,912947,1195848898,22186,491559,53.84
M&amp;M,EQ,09-Oct-17,1303,1301.05,1312.9,1299,1304.9,1304.85,1305.55,417682,545303236.6,15609,242162,57.98
M&amp;M,EQ,10-Oct-17,1304.85,1318,1319,1301.15,1304.9,1305.1,1309.48,693721,908416952.8,39154,425714,61.37
M&amp;M,EQ,11-Oct-17,1305.1,1309,1330.25,1306,1316,1319.45,1322.88,1642780,2173200984,45357,1219364,74.23
M&amp;M,EQ,12-Oct-17,1319.45,1320.25,1341.6,1314.15,1337.45,1338.15,1335.27,824166,1100481712,17354,510851,61.98
M&amp;M,EQ,13-Oct-17,1338.15,1338,1345.65,1323,1325,1325.3,1331.48,541640,721181506.4,15670,342186,63.18
M&amp;M,EQ,16-Oct-17,1325.3,1338.9,1375.9,1330.3,1367,1368.6,1361.86,1170290,1593768963,37450,606621,51.84
M&amp;M,EQ,17-Oct-17,1368.6,1373.9,1375.5,1343.5,1371.3,1373.35,1367.16,1023744,1399623194,49939,643721,62.88
M&amp;M,EQ,18-Oct-17,1373.35,1372,1378.5,1362.2,1364,1370.55,1373.41,598422,821878512.4,24670,328139,54.83
M&amp;M,EQ,19-Oct-17,1370.55,1366.75,1379,1360.1,1376.8,1375.75,1374.62,175195,240826138.4,4034,91902,52.46
M&amp;M,EQ,23-Oct-17,1375.75,1380,1393.95,1346.6,1362,1367.05,1368.16,599664,820436014.5,28670,227193,37.89
M&amp;M,EQ,24-Oct-17,1367.05,1360.55,1365.9,1346.95,1354,1350.65,1354.56,390953,529571164.6,29196,214487,54.86
M&amp;M,EQ,25-Oct-17,1350.65,1354,1373.6,1348.95,1371.8,1364.7,1362.15,664152,904677786.5,36269,445599,67.09
M&amp;M,EQ,26-Oct-17,1364.7,1374.45,1380.7,1364.5,1373.5,1372.95,1373.94,1652089,2269863675,69948,1296615,78.48
M&amp;M,EQ,27-Oct-17,1372.95,1372.95,1390.7,1371.55,1380.75,1387.7,1383.54,774542,1071608868,32137,472146,60.96
M&amp;M,EQ,30-Oct-17,1387.7,1388,1392.65,1370.05,1372.1,1374.75,1379.19,563034,776528433.6,28872,367173,65.21
M&amp;M,EQ,31-Oct-17,1374.75,1378,1378,1342.1,1346,1344.8,1352.32,799728,1081488267,37278,521272,65.18
M&amp;M,EQ,01-Nov-17,1344.8,1347.25,1363.2,1336,1352.8,1350.75,1349.99,1965358,2653212399,59092,1330675,67.71
M&amp;M,EQ,02-Nov-17,1350.75,1343,1349.4,1331.05,1336,1335.35,1335.93,870329,1162695211,24893,674288,77.48
M&amp;M,EQ,03-Nov-17,1335.35,1339,1342.95,1320.1,1332.2,1330.75,1329.04,1084381,1441184913,25495,769630,70.97
M&amp;M,EQ,06-Nov-17,1330.75,1347.85,1377.7,1343.3,1370.5,1366.15,1363.74,2575346,3512101880,90250,1684041,65.39
M&amp;M,EQ,07-Nov-17,1366.15,1380,1382,1348,1353.8,1353.75,1369.2,2213662,3030937751,31165,1683864,76.07
M&amp;M,EQ,08-Nov-17,1353.75,1361,1375,1354,1373.95,1367,1367.72,685509,937585053.4,42629,446174,65.09
M&amp;M,EQ,09-Nov-17,1367,1373,1380.05,1340,1360.05,1361.3,1358.06,484257,657651814.2,34443,241422,49.85
M&amp;M,EQ,10-Nov-17,1361.3,1362.1,1412.15,1347.2,1395,1392.95,1384.33,2969900,4111328589,77163,972493,32.74
M&amp;M,EQ,13-Nov-17,1392.95,1408,1431.75,1408,1411,1411.2,1421.09,3238115,4601643311,109683,2116416,65.36
M&amp;M,EQ,14-Nov-17,1411.2,1419,1438.2,1415.05,1424.9,1429.6,1426.53,1796055,2562124518,74649,1281511,71.35
M&amp;M,EQ,15-Nov-17,1429.6,1429,1429,1407,1416.05,1415.25,1414.29,997036,1410097227,39787,610450,61.23
M&amp;M,EQ,16-Nov-17,1415.25,1415.05,1426,1408,1414.05,1413.95,1417.43,872446,1236627806,21237,484207,55.5
M&amp;M,EQ,17-Nov-17,1413.95,1425,1425,1412,1413.95,1416.75,1420.39,1448440,2057346251,32485,1196400,82.6
M&amp;M,EQ,20-Nov-17,1416.75,1419.75,1420.05,1400.1,1404.9,1408,1406.64,1264801,1779123542,59511,1004920,79.45
M&amp;M,EQ,21-Nov-17,1408,1420,1422,1408.2,1415,1416,1415.99,853763,1208919055,31579,589156,69.01
M&amp;M,EQ,22-Nov-17,1416,1424,1441.8,1419.6,1432.5,1429.5,1433.89,1439617,2064259578,62309,899704,62.5
M&amp;M,EQ,23-Nov-17,1429.5,1434.4,1434.4,1412.55,1420,1418.65,1422.43,490011,697005384.7,21098,281397,57.43
M&amp;M,EQ,24-Nov-17,1418.65,1425,1439.9,1420.05,1435.35,1434.1,1433.31,966558,1385379919,24730,595485,61.61
M&amp;M,EQ,27-Nov-17,1434.1,1435,1444,1425.05,1431.9,1431,1430.26,867582,1240868592,26757,587919,67.77
M&amp;M,EQ,28-Nov-17,1431,1432.65,1441.45,1426.8,1436.8,1435,1434.43,743580,1066614994,28246,527833,70.99
M&amp;M,EQ,29-Nov-17,1435,1438.95,1443.1,1430,1431,1433.4,1434.48,691787,992357850.3,34587,469904,67.93
M&amp;M,EQ,30-Nov-17,1433.4,1430,1430,1400.55,1407.1,1406.55,1409.45,2683675,3782502345,96875,1882881,70.16
M&amp;M,EQ,01-Dec-17,1406.55,1414,1426.95,1406,1409,1409.4,1415.77,1077343,1525266409,30037,573714,53.25
M&amp;M,EQ,04-Dec-17,1409.4,1420,1420,1392.75,1400.5,1401,1400.7,1462814,2048958363,39083,1098744,75.11
M&amp;M,EQ,05-Dec-17,1401,1400,1409.35,1383,1387.8,1388.2,1395.18,1299621,1813207657,42554,1060452,81.6
M&amp;M,EQ,06-Dec-17,1388.2,1387,1392.4,1363.45,1368.7,1367.45,1374.94,1184822,1629058476,60137,889587,75.08
M&amp;M,EQ,07-Dec-17,1367.45,1376.8,1382.5,1368.1,1380,1379.55,1375.48,1556860,2141433167,47232,1246870,80.09
M&amp;M,EQ,08-Dec-17,1379.55,1386.7,1393.65,1379.4,1387,1388.15,1387.23,1199696,1664259782,38460,928249,77.37
M&amp;M,EQ,11-Dec-17,1388.15,1395.85,1427.85,1392.5,1417.85,1418.25,1415.18,1323321,1872731819,38802,852243,64.4
M&amp;M,EQ,12-Dec-17,1418.25,1419.8,1428.5,1411.1,1420,1419.15,1419.62,1406120,1996157493,47037,1062732,75.58
M&amp;M,EQ,13-Dec-17,1419.15,1421.8,1432,1410,1411,1412.5,1421.14,1893574,2691036768,28683,1563376,82.56
M&amp;M,EQ,14-Dec-17,1412.5,1417,1436,1413,1432,1431.6,1428.93,2752965,3933786534,64401,2098747,76.24
M&amp;M,EQ,15-Dec-17,1431.6,1442.5,1490,1441,1483,1483.4,1471.96,3552757,5229500192,100168,2010344,56.59
M&amp;M,EQ,18-Dec-17,1483.4,1484,1539,1455,1521.8,1521.45,1518.14,4265351,6475392865,100737,2736288,64.15
M&amp;M,EQ,19-Dec-17,1521.45,1535,1560.95,1522,1550.4,1556.3,1539.87,5673987,8737214691,78208,4112440,72.48
M&amp;M,EQ,20-Dec-17,1556.3,1560,1571.4,1533.1,1534.2,1541.75,1557.09,4830014,7520746124,104321,3529758,73.08
M&amp;M,EQ,21-Dec-17,1541.75,767,767,738.95,742.85,742.2,746.46,6803736,5078683006,79258,4677871,68.75
M&amp;M,EQ,22-Dec-17,742.2,747,753.4,743,747.4,746.2,747.7,2338232,1748302823,36522,1324387,56.64
M&amp;M,EQ,26-Dec-17,746.2,748,749.95,736.7,741.55,741.55,740.16,3887128,2877108903,38647,2861005,73.6
M&amp;M,EQ,27-Dec-17,741.55,744.8,754.9,739.45,747,746.75,747.56,2523905,1886775227,38307,1523602,60.37
M&amp;M,EQ,28-Dec-17,746.75,747,753.95,745.35,751.9,749.95,749.75,5643656,4231337679,53488,3882053,68.79
M&amp;M,EQ,29-Dec-17,749.95,751,753,743.9,751.5,751.1,748.2,2055582,1537991669,73331,1594168,77.55
M&amp;M,EQ,01-Jan-18,751.1,751,758.9,743,745.5,744.65,750.77,2476302,1859140125,31240,1619007,65.38
M&amp;M,EQ,02-Jan-18,744.65,754,758,746.3,753,752.9,753.06,3020597,2274687980,58268,1872751,62
M&amp;M,EQ,03-Jan-18,752.9,755.9,759,750,753.7,754.9,756.16,2256643,1706379603,54539,1298233,57.53
M&amp;M,EQ,04-Jan-18,754.9,761,761,750.5,755.75,756,755.23,1663380,1256234025,34624,887667,53.37
M&amp;M,EQ,05-Jan-18,756,756,758.5,753.6,755.6,756.35,756.82,1255982,950549554.2,28943,742659,59.13
M&amp;M,EQ,08-Jan-18,756.35,757.05,760,756.55,760,759.9,758.74,2309604,1752382390,36787,1896147,82.1
M&amp;M,EQ,09-Jan-18,759.9,760,766,757.2,761.85,762.45,761.91,1947163,1483569074,35374,1414599,72.65
M&amp;M,EQ,10-Jan-18,762.45,762.05,765,754.2,760.3,759.85,759.64,1275821,969159119.9,23414,810743,63.55
M&amp;M,EQ,11-Jan-18,759.85,760.3,768.95,755.5,764.35,766.65,763.62,2291617,1749929249,44186,1616494,70.54
M&amp;M,EQ,12-Jan-18,766.65,767.1,769.5,761.75,766.85,767.5,765.5,1363265,1043576579,32787,981802,72.02
M&amp;M,EQ,15-Jan-18,767.5,770,775.65,755.65,758.35,759.2,766.28,2127778,1630472204,46230,1461680,68.7
M&amp;M,EQ,16-Jan-18,759.2,759,762.55,741,748.35,746.7,749.79,1611817,1208517089,67427,1157147,71.79
M&amp;M,EQ,17-Jan-18,746.7,747.05,754,738.85,741.65,745.35,746,1940533,1447644921,52439,1310624,67.54
M&amp;M,EQ,18-Jan-18,745.35,750,765,745,759.3,759.25,759.25,2810014,2133505075,64309,1831859,65.19
M&amp;M,EQ,19-Jan-18,759.25,760,768.3,748.3,765.65,765.4,757.05,2005133,1517990916,31955,1214637,60.58
M&amp;M,EQ,22-Jan-18,765.4,762.1,769,756,759.05,759.6,760.53,934811,710955077.6,25213,573500,61.35
M&amp;M,EQ,23-Jan-18,759.6,761.95,773,761.4,769.75,769.05,767.77,2775928,2131262634,78122,1839041,66.25
M&amp;M,EQ,24-Jan-18,769.05,769.05,771,752.4,756.5,755.4,758.37,2080315,1577655371,36248,1570279,75.48
M&amp;M,EQ,25-Jan-18,755.4,756.5,762,748.35,762,757.8,756.24,2878048,2176498419,45389,1966167,68.32
M&amp;M,EQ,29-Jan-18,757.8,757.3,772,757.3,763,764.35,765.82,2074165,1588430945,41464,1433140,69.09
M&amp;M,EQ,30-Jan-18,764.35,764,768.65,753.1,764.9,764.9,761.66,1648188,1255359127,34725,1107535,67.2
M&amp;M,EQ,31-Jan-18,764.9,764.8,771.15,756.65,765.9,763.05,764.35,2242045,1713702173,38342,1630492,72.72
M&amp;M,EQ,01-Feb-18,763.05,768.9,802.55,763,801,798.75,785.19,6896060,5414711116,122264,3297909,47.82
M&amp;M,EQ,02-Feb-18,798.75,798.75,800,765.55,770,770.25,785.84,3783976,2973610028,75961,2211067,58.43
M&amp;M,EQ,05-Feb-18,770.25,762.9,769.75,745,762.45,760.5,761.22,2018332,1536395408,61130,1308138,64.81
M&amp;M,EQ,06-Feb-18,760.5,743.8,759.9,730.75,751.8,751.8,749.27,5626253,4215604282,70135,4279375,76.06
M&amp;M,EQ,07-Feb-18,751.8,767.4,771.95,743.75,746,747.1,753.83,1909559,1439475922,52968,961729,50.36
M&amp;M,EQ,08-Feb-18,747.1,754,760.7,746,755.9,752.2,755.16,3024010,2283602014,58172,2004379,66.28
M&amp;M,EQ,09-Feb-18,752.2,747,753.3,742,750,750.05,749.66,2214895,1660429190,48257,1390360,62.77
M&amp;M,EQ,12-Feb-18,750.05,770,770,743,746.05,746,752.01,2662221,2002007303,54819,1095561,41.15
M&amp;M,EQ,14-Feb-18,746,751.8,753.95,742.05,743.9,746.95,749.85,1207191,905217068.4,46664,578768,47.94
M&amp;M,EQ,15-Feb-18,746.95,748.1,751.3,743.5,748.95,749.35,748.66,1652980,1237511917,24107,998763,60.42
M&amp;M,EQ,16-Feb-18,749.35,752.65,753.75,742,742.5,743.75,745.61,1042980,777657492.7,17042,587662,56.34
M&amp;M,EQ,19-Feb-18,743.75,744,744.8,716.05,726.3,724.65,726.95,1185926,862111584.9,29659,572597,48.28
M&amp;M,EQ,20-Feb-18,724.65,726.8,733.2,703,709,709,715.17,2981323,2132162041,54968,1884808,63.22
M&amp;M,EQ,21-Feb-18,709,716,716,701,708,708.4,706.54,2290218,1618119692,93312,1482464,64.73
M&amp;M,EQ,22-Feb-18,708.4,702,724.5,700.4,721.6,721.95,712.55,3325355,2369486209,64376,2234680,67.2
M&amp;M,EQ,23-Feb-18,721.95,722.55,724,714,719.9,718.65,718.51,1648932,1184777574,58671,994049,60.28
M&amp;M,EQ,26-Feb-18,718.65,722,737,719.25,735.4,735.4,730.4,1525511,1114235549,37699,836279,54.82
M&amp;M,EQ,27-Feb-18,735.4,741.9,742,731,738.9,739.8,738.2,1429191,1055035721,37912,784993,54.93
M&amp;M,EQ,28-Feb-18,739.8,734,734.95,725.1,727,728.35,729.97,1814444,1324487288,47123,1335754,73.62
M&amp;M,EQ,01-Mar-18,728.35,728,736.5,727.5,731,732.55,733.15,1831321,1342628832,40238,1200086,65.53
M&amp;M,EQ,05-Mar-18,732.55,727,743,722.15,737,739.6,734.23,2170367,1593557965,47618,1524477,70.24
M&amp;M,EQ,06-Mar-18,739.6,743,743,716,719.9,719.9,728.8,1763292,1285079104,64751,1043383,59.17
M&amp;M,EQ,07-Mar-18,719.9,721,725.8,702.45,707.8,707.8,709.08,2343794,1661927541,57817,1420042,60.59
M&amp;M,EQ,08-Mar-18,707.8,710.55,729.2,707.1,724,726.65,721.59,2500680,1804468258,52819,1150799,46.02
M&amp;M,EQ,09-Mar-18,726.65,726.9,739.7,723.45,726,728.5,733.7,2191343,1607784912,46970,1428282,65.18
M&amp;M,EQ,12-Mar-18,728.5,735.05,739.25,731.2,737,737.1,735.01,1867680,1372760169,24168,1245004,66.66
M&amp;M,EQ,13-Mar-18,737.1,736.95,741,730.45,732,733,734.31,1823994,1339377668,57031,1081259,59.28
M&amp;M,EQ,14-Mar-18,733,730.95,734.3,723.1,728.7,728.2,728.46,1366237,995251679,32697,751519,55.01
M&amp;M,EQ,15-Mar-18,728.2,731,737.9,729.8,734.35,734.85,734.25,1249262,917275843.5,37029,685193,54.85
M&amp;M,EQ,16-Mar-18,734.85,739,752,735.55,742.15,740.75,744.81,4929069,3671216538,97289,3235804,65.65
M&amp;M,EQ,19-Mar-18,740.75,741.75,749,739,741,742.7,744.15,2081202,1548719530,60872,1005742,48.33
M&amp;M,EQ,20-Mar-18,742.7,740.4,744,732.05,741.2,740.95,736.12,1248986,919405871.4,28659,681688,54.58
M&amp;M,EQ,21-Mar-18,740.95,743,750.75,739.5,747,745.35,747.06,2788242,2082991007,39066,2130088,76.4
M&amp;M,EQ,22-Mar-18,745.35,747.05,748.9,726,731,730.85,733.92,1877037,1377604263,53019,1104031,58.82
M&amp;M,EQ,23-Mar-18,730.85,725,737.3,721.2,733,732.9,731.46,2276332,1665038549,43761,1412342,62.04
M&amp;M,EQ,26-Mar-18,732.9,734.35,750,727.05,745,746.5,741.7,1890961,1402531847,42750,1040490,55.02
M&amp;M,EQ,27-Mar-18,746.5,749,752,741.6,744,744.9,744.76,2422064,1803858153,66328,1797981,74.23
M&amp;M,EQ,28-Mar-18,744.9,744,746,735,737,738.9,738.54,3301815,2438530249,67315,2260424,68.46
M&amp;M,EQ,02-Apr-18,738.9,748.9,751.85,737.2,747.5,748.05,745.49,3567965,2659866488,66835,2486849,69.7
M&amp;M,EQ,03-Apr-18,748.05,748,771.4,745.05,770,770.1,760.57,2500384,1901704645,49920,1144249,45.76
M&amp;M,EQ,04-Apr-18,770.1,773,786.75,749.1,758,756.55,770.82,3295198,2540009134,57547,1672221,50.75
M&amp;M,EQ,05-Apr-18,756.55,770,781,766.6,771.8,774.6,775.6,2224647,1725440418,48616,1365549,61.38
M&amp;M,EQ,06-Apr-18,774.6,774.6,774.6,764.05,771.45,771.95,770.18,1194886,920273281.1,25031,673968,56.4
M&amp;M,EQ,09-Apr-18,771.95,772,788.2,770,786,786.2,783.68,1813902,1421513463,63475,1187134,65.45
M&amp;M,EQ,10-Apr-18,786.2,776.5,785,768.4,779,777.6,775,2193150,1699696503,118863,1223768,55.8
M&amp;M,EQ,11-Apr-18,777.6,781.5,790.6,773.95,787.5,789,783.72,1448946,1135564828,32473,851859,58.79
M&amp;M,EQ,12-Apr-18,789,789.45,794.6,780.65,788,787.85,786.47,1146053,901338777.1,36428,606864,52.95
M&amp;M,EQ,13-Apr-18,787.85,795,795.5,783.15,786.6,789.6,791.37,2183881,1728258346,55196,1385366,63.44
M&amp;M,EQ,16-Apr-18,789.6,783.2,805,783.2,804,801.45,797.53,2896629,2310136096,77090,1800136,62.15
M&amp;M,EQ,17-Apr-18,801.45,816,818.8,806.5,810,809.35,811.68,4339790,3522531557,99396,2695943,62.12
M&amp;M,EQ,18-Apr-18,809.35,813,813,795.7,798.7,798.3,801.36,1503151,1204563125,59564,964366,64.16
M&amp;M,EQ,19-Apr-18,798.3,801.4,804.5,793.7,802.7,801.9,801.69,2590266,2076585190,61106,2004629,77.39
M&amp;M,EQ,20-Apr-18,801.9,791.9,804.45,791.9,798.15,799.5,798.15,2561105,2044154500,69113,2062867,80.55
M&amp;M,EQ,23-Apr-18,799.5,803.9,833.8,800.05,823.05,824.3,819.87,2751312,2255725376,73505,1444774,52.51
M&amp;M,EQ,24-Apr-18,824.3,823.9,844,822.1,839.7,838.55,833.6,2872669,2394652822,49465,1820368,63.37
M&amp;M,EQ,25-Apr-18,838.55,842,862.5,838.55,853,853.85,849.88,3602302,3061541531,81330,1926409,53.48
M&amp;M,EQ,26-Apr-18,853.85,859,868.75,851,853.5,858.15,859.24,5461957,4693141690,79080,3019386,55.28
M&amp;M,EQ,27-Apr-18,858.15,859.9,866.8,851.2,861.5,862.7,861.22,1087577,936643596,39945,486538,44.74
M&amp;M,EQ,30-Apr-18,862.7,864.4,878.95,864.1,873.05,873.3,872.56,1137366,992424195.4,39070,511716,44.99
M&amp;M,EQ,02-May-18,873.3,879.5,879.8,861,863.5,863.15,868.86,1341643,1165705111,39897,634908,47.32
M&amp;M,EQ,03-May-18,863.15,863,875.5,851.6,861.45,865.1,865.95,2126154,1841132736,53132,1286216,60.49
M&amp;M,EQ,04-May-18,865.1,864.95,868.5,852.35,855.1,854.3,858.07,961238,824812585,45764,561141,58.38
M&amp;M,EQ,07-May-18,854.3,862,887.9,858.5,886.5,885.6,876.34,1916654,1679634790,43741,992761,51.8
M&amp;M,EQ,08-May-18,885.6,886,886.5,859.5,865.25,865.3,866.65,1834833,1590160181,39961,1123090,61.21
M&amp;M,EQ,09-May-18,865.3,865,868.65,853.75,863.5,860.1,860.98,1630905,1404182244,46136,1013707,62.16
M&amp;M,EQ,10-May-18,860.1,860,872.75,852.15,853.4,856.5,864.84,1369399,1184310384,45936,716656,52.33
M&amp;M,EQ,11-May-18,856.5,857.95,872.8,848.85,865.15,869.1,861.17,1304682,1123551347,50727,593797,45.51
M&amp;M,EQ,14-May-18,869.1,872,874,850,850.05,852.65,856.82,1492933,1279176904,49092,958205,64.18
M&amp;M,EQ,15-May-18,852.65,853.9,865,837.1,849.5,847.05,854.4,2060487,1760477471,45229,1293296,62.77
M&amp;M,EQ,16-May-18,847.05,845.5,857.75,834.2,854.5,853.1,847.83,1559853,1322490885,48094,759620,48.7
M&amp;M,EQ,17-May-18,853.1,855.05,859.5,846,847.5,849,851.18,1065979,907339066.5,49910,674894,63.31
M&amp;M,EQ,18-May-18,849,848.25,853.8,828.05,836.05,836,839.34,1983383,1664726417,54191,1313403,66.22
M&amp;M,EQ,21-May-18,836,834,847.25,821.6,823,825.95,834.01,1670673,1393359341,59296,996471,59.64
M&amp;M,EQ,22-May-18,825.95,822.2,837,812.25,830,830.2,826.39,1937535,1601150680,74497,1041331,53.75
M&amp;M,EQ,23-May-18,830.2,828.1,835.5,820.55,831.35,831.8,828.65,1315364,1089982831,52023,608906,46.29
M&amp;M,EQ,24-May-18,831.8,837,847.8,831.9,842.6,843.05,841.56,1394760,1173773496,38931,501308,35.94
M&amp;M,EQ,25-May-18,843.05,845,860.95,844,860,857.7,854.71,2069467,1768788076,63280,1348661,65.17
M&amp;M,EQ,28-May-18,857.7,862.4,864.65,845.05,851,849.95,851.99,3096495,2638178797,45291,1933384,62.44
M&amp;M,EQ,29-May-18,849.95,854,875.7,850,874.95,870.25,862.32,4666224,4023793933,99185,1146432,24.57
M&amp;M,EQ,30-May-18,870.25,879,901,875.05,894.5,897.95,891.39,8212884,7320843043,174179,2746380,33.44
M&amp;M,EQ,31-May-18,897.95,900,933.5,891,924,922.95,914.31,9417129,8610195783,174526,4574513,48.58
M&amp;M,EQ,01-Jun-18,922.95,922.5,927.5,897.05,901.65,901.6,912.31,3431462,3130552826,111901,1179262,34.37
M&amp;M,EQ,04-Jun-18,901.6,908,918.35,906,913,914.5,913.81,3364222,3074243037,102898,1693908,50.35
M&amp;M,EQ,05-Jun-18,914.5,912,915.9,898.5,905.8,901.3,906.51,1836194,1664521623,76536,1027280,55.95
M&amp;M,EQ,06-Jun-18,901.3,902.4,917.1,896.85,914.25,914.3,909.52,2102493,1912266881,76100,970692,46.17
M&amp;M,EQ,07-Jun-18,914.3,919,927.95,916,918.95,920.3,921.76,2668799,2460002992,112432,1597076,59.84
M&amp;M,EQ,08-Jun-18,920.3,917,917.65,903.1,908.6,911.65,909.67,1335422,1214788312,46244,649609,48.64
M&amp;M,EQ,11-Jun-18,911.65,912.2,920,910,915,916.85,916.44,1747134,1601146938,86672,1214193,69.5
M&amp;M,EQ,12-Jun-18,916.85,920,926.4,914.05,916,917.6,920.42,2032546,1870787898,73164,1122266,55.21
M&amp;M,EQ,13-Jun-18,917.6,918,921.4,914.75,915,917.65,918.25,1353228,1242600339,78477,884968,65.4
M&amp;M,EQ,14-Jun-18,917.65,914.1,925,909.55,922.55,922.05,918.47,1385264,1272320670,53952,938681,67.76
M&amp;M,EQ,15-Jun-18,922.05,922.55,924.4,902.85,908.35,909.45,910.78,2619109,2385424534,75116,1942503,74.17
M&amp;M,EQ,18-Jun-18,909.45,915,921.05,909,914.5,913.9,915.64,1496081,1369870185,70627,883020,59.02
M&amp;M,EQ,19-Jun-18,913.9,915,915.05,886,893,891.4,898.84,1878313,1688298963,80678,1027236,54.69
M&amp;M,EQ,20-Jun-18,891.4,896,908.85,892.45,903.1,904.4,899.94,2671370,2404059699,83586,1316636,49.29
M&amp;M,EQ,21-Jun-18,904.4,909.8,909.8,874.1,883.1,883.6,888.01,4202520,3731867668,148517,2479898,59.01
M&amp;M,EQ,22-Jun-18,883.6,882.8,912.7,882.05,910,908.2,902.31,4589148,4140842244,102882,2611662,56.91
M&amp;M,EQ,25-Jun-18,908.2,912,914.5,901,905.15,905.6,906.38,2984963,2705514766,77842,2024463,67.82
M&amp;M,EQ,26-Jun-18,905.6,905,915,891.1,895.05,898,908.17,2106484,1913054095,65054,1332083,63.24
M&amp;M,EQ,27-Jun-18,898,900,906.3,885.55,892.85,892.65,897.11,2168303,1945201833,71904,1286278,59.32
M&amp;M,EQ,28-Jun-18,892.65,892.65,917.7,891.05,906.5,907.75,908.2,4493297,4080816135,89436,2518377,56.05
M&amp;M,EQ,29-Jun-18,907.75,909,914.9,894.85,896.6,897.7,899.64,2441612,2196562881,86615,1580792,64.74
M&amp;M,EQ,02-Jul-18,897.7,907,907.7,878.65,885.05,886.65,888.41,2180118,1936848760,71682,972518,44.61
M&amp;M,EQ,03-Jul-18,886.65,886.9,898.5,879.05,894,894.2,891.23,1406654,1253648816,60404,680376,48.37
M&amp;M,EQ,04-Jul-18,894.2,895,902.7,885.5,901.9,900.1,896.67,1457165,1306592822,36595,766518,52.6
M&amp;M,EQ,05-Jul-18,900.1,901.6,916,901.6,911.5,912.35,910.24,1935437,1761718869,66639,839539,43.38
M&amp;M,EQ,06-Jul-18,912.35,914.95,927,902.85,925.5,924.95,917.83,2998570,2752179841,96892,1506597,50.24
M&amp;M,EQ,09-Jul-18,924.95,931,940,927.6,932.5,932.75,934.41,2472960,2310747681,81746,1098789,44.43
M&amp;M,EQ,10-Jul-18,932.75,937.4,937.5,926.4,928.95,930.55,930.65,1617650,1505468342,86692,799200,49.41
M&amp;M,EQ,11-Jul-18,930.55,928.95,939.7,926.45,931.55,931,932.71,2732003,2548173183,109709,1736426,63.56
M&amp;M,EQ,12-Jul-18,931,931,931,910,914.4,915.8,917.53,2173358,1994121297,107525,1187661,54.65
M&amp;M,EQ,13-Jul-18,915.8,918.5,925.9,902,907,906.7,911.13,2296504,2092424381,66556,1237649,53.89
M&amp;M,EQ,16-Jul-18,906.7,905,915.7,895,900,900.35,903.52,1901810,1718317717,70723,846898,44.53
M&amp;M,EQ,17-Jul-18,900.35,903,925.3,901.1,924,922.45,916.2,1791101,1641009860,54166,767183,42.83
M&amp;M,EQ,18-Jul-18,922.45,926.6,929.8,900,903.15,902.45,910.22,1442856,1313313021,95945,665809,46.15
M&amp;M,EQ,19-Jul-18,902.45,906,922.4,906,912.45,913,914.21,2040980,1865890375,72209,873507,42.8
M&amp;M,EQ,20-Jul-18,913,913,915.2,904,908.7,909.75,908.95,1667834,1515971071,64274,1072698,64.32
M&amp;M,EQ,23-Jul-18,909.75,910,913,904,907.2,910.4,909.27,1179253,1072264341,39654,723547,61.36
M&amp;M,EQ,24-Jul-18,910.4,913.85,924.9,911.2,920,920.4,918.78,1982289,1821284708,76514,1188656,59.96
M&amp;M,EQ,25-Jul-18,920.4,924.9,925,908.7,909.6,910.1,913.93,1433236,1309874731,59054,733067,51.15
M&amp;M,EQ,26-Jul-18,910.1,914.4,916.9,906,912,913.6,911.85,2785063,2539549985,87536,1891750,67.92
M&amp;M,EQ,27-Jul-18,913.6,915,915.9,902.8,909.65,909.85,908.58,1658854,1507203164,61461,1007035,60.71
M&amp;M,EQ,30-Jul-18,909.85,916,935,912.05,933.3,933.25,926.91,2458481,2278785313,56781,1059687,43.1
M&amp;M,EQ,31-Jul-18,933.25,935,941.8,924.55,934.1,935.95,933.54,2011316,1877648439,86458,1064011,52.9
M&amp;M,EQ,01-Aug-18,935.95,939.5,943.4,926.1,929,929.75,934.28,2000884,1869395541,63736,1039891,51.97
M&amp;M,EQ,02-Aug-18,929.75,925.75,925.75,910.05,911.25,911.3,915.14,1652795,1512540672,41887,1019499,61.68
M&amp;M,EQ,03-Aug-18,911.3,914.05,925,914.05,920.25,920.65,919.66,1575164,1448618550,51009,1046233,66.42
M&amp;M,EQ,06-Aug-18,920.65,921.95,935.8,920.55,934,932.4,928.95,1702042,1581112156,41800,964232,56.65
M&amp;M,EQ,07-Aug-18,932.4,940.95,944,923.3,926,927,934.1,5202023,4859228431,137386,1583052,30.43
M&amp;M,EQ,08-Aug-18,927,936.9,938.95,924,927.8,928.3,929.99,2056171,1912209452,83892,1010276,49.13
M&amp;M,EQ,09-Aug-18,928.3,929,940,927.5,932,933.2,934.19,2452570,2291165583,104094,1309110,53.38
M&amp;M,EQ,10-Aug-18,933.2,932,952.7,929.15,944.25,945.95,944.17,3163115,2986528044,100345,1645164,52.01
M&amp;M,EQ,13-Aug-18,945.95,944,966.4,938.6,955,954.5,956.73,4285645,4100198422,108694,2458408,57.36
M&amp;M,EQ,14-Aug-18,954.5,958.9,961.9,948,950,950.45,954.44,1801054,1719000690,50039,1001605,55.61
M&amp;M,EQ,16-Aug-18,950.45,945,965.25,944,950.7,951.25,956.02,1832039,1751460413,72374,1113833,60.8
M&amp;M,EQ,17-Aug-18,951.25,954.55,968.8,950.15,961.4,961.5,962.24,2246030,2161219549,52781,1450828,64.6
M&amp;M,EQ,20-Aug-18,961.5,967.65,982.25,962.1,969.55,969.55,972.93,1877608,1826777969,64413,915599,48.76
M&amp;M,EQ,21-Aug-18,969.55,973,976.65,955.5,959,957.8,965.85,1557070,1503895589,73340,945479,60.72
M&amp;M,EQ,23-Aug-18,957.8,960,970,954.3,960,963.1,962.2,1978510,1903727730,81035,1211852,61.25
M&amp;M,EQ,24-Aug-18,963.1,966.2,972.4,961.15,968,968.3,968.39,1634893,1583206546,51295,1037621,63.47
M&amp;M,EQ,27-Aug-18,968.3,974.3,983.9,967.8,979.5,976.45,973.76,1635797,1592872673,62708,1097023,67.06
M&amp;M,EQ,28-Aug-18,976.45,982,987.65,974.1,977.45,980.5,982.07,1460036,1433853406,53237,795618,54.49
M&amp;M,EQ,29-Aug-18,980.5,981.35,993,975.45,984.95,983.85,987,1795568,1772225052,64515,1093425,60.9
M&amp;M,EQ,30-Aug-18,983.85,984.95,991.6,977.9,981.9,982.95,984.93,1831626,1804027679,45754,949021,51.81
M&amp;M,EQ,31-Aug-18,982.95,982,988,959.15,965.3,965.3,968.14,2243187,2171723107,98835,1431334,63.81
M&amp;M,EQ,03-Sep-18,965.3,974.9,974.95,942,945.6,947.8,960.64,2189450,2103264249,65184,1007346,46.01
M&amp;M,EQ,04-Sep-18,947.8,952.2,955.7,928.1,934.75,931.75,941.85,2067396,1947180607,70503,970502,46.94
M&amp;M,EQ,05-Sep-18,931.75,930,945,914.4,931.05,929.4,929.75,2133045,1983195486,79639,1146114,53.73
M&amp;M,EQ,06-Sep-18,929.4,935,943.7,927.5,932.2,934.95,934.56,2144816,2004450972,120820,1185972,55.29
M&amp;M,EQ,07-Sep-18,934.95,940.1,977.65,935.05,973.5,973.7,959.49,3132025,3005132932,74862,1681345,53.68
M&amp;M,EQ,10-Sep-18,973.7,970.65,976.15,934.6,939,937.35,955.52,2151834,2056122047,67376,1267067,58.88
M&amp;M,EQ,11-Sep-18,937.35,943,961,936.3,947,943.15,949.88,3909701,3713736740,88297,1621351,41.47
M&amp;M,EQ,12-Sep-18,943.15,948.45,951,912.4,937,938.15,930.96,2787531,2595088538,84862,1006775,36.12
M&amp;M,EQ,14-Sep-18,938.15,941.2,954.8,928.05,950.55,951.9,945.33,2803861,2650575718,80167,1274114,45.44
M&amp;M,EQ,17-Sep-18,951.9,947.65,956.4,936.6,952,950.85,950,1978897,1879950532,65736,1299011,65.64
M&amp;M,EQ,18-Sep-18,950.85,949.45,961,940.4,945.9,946.55,954.03,2227889,2125467702,82145,1355614,60.85
M&amp;M,EQ,19-Sep-18,946.55,947,965.65,938.2,949.25,948.9,954.05,2083160,1987435263,96375,1026185,49.26
M&amp;M,EQ,21-Sep-18,948.9,963,976.7,870,960,959.9,956.62,4633394,4432409354,110694,2405018,51.91
M&amp;M,EQ,24-Sep-18,959.9,955,958.2,885,898,896.05,904.51,4569708,4133332589,141883,2330590,51
M&amp;M,EQ,25-Sep-18,896.05,896,900,865.25,896,893,884.14,4269089,3774462809,143920,2207358,51.71
M&amp;M,EQ,26-Sep-18,893,903,917.85,885.3,887.5,893.35,900.84,2357565,2123778152,58651,1077710,45.71
M&amp;M,EQ,27-Sep-18,893.35,888,895.45,866.5,874,877.45,880.9,2588148,2279896014,86387,1208032,46.68
M&amp;M,EQ,28-Sep-18,877.45,877.45,880.95,839.55,864.5,860.95,859.14,4188699,3598698736,139848,2528819,60.37
M&amp;M,EQ,01-Oct-18,860.95,860.5,864.45,840.95,847.15,847.6,850,3060818,2601688881,76480,1801446,58.86
M&amp;M,EQ,03-Oct-18,847.6,845.5,845.5,787,788,791.6,809.31,6680994,5406994718,253657,3888638,58.2
M&amp;M,EQ,04-Oct-18,791.6,780.15,800,765.45,791.5,794.7,787.24,5036305,3964798125,201445,2395857,47.57
M&amp;M,EQ,05-Oct-18,794.7,791,795.75,752.9,766,769.55,771.06,5157618,3976847863,166975,2740187,53.13
M&amp;M,EQ,08-Oct-18,769.55,768.75,780.95,753.3,776.05,774.85,768.34,3874262,2976758977,146806,2024791,52.26
M&amp;M,EQ,09-Oct-18,774.85,775.55,782.45,760.3,763,764.8,769.84,2933355,2258216758,116065,1631331,55.61
M&amp;M,EQ,10-Oct-18,764.8,768,774.6,750.9,764.9,764.1,762.79,7578601,5780889152,149475,5320618,70.21
M&amp;M,EQ,11-Oct-18,764.1,747,756.5,715,730,730.15,738.65,6199047,4578899638,187876,4129950,66.62
M&amp;M,EQ,12-Oct-18,730.15,738.5,775.9,735.55,768.5,768.5,766.79,4477653,3433436656,167204,2054864,45.89
M&amp;M,EQ,15-Oct-18,768.5,775,775.45,738,749.9,749,746.19,5282462,3941711075,103920,3186327,60.32
M&amp;M,EQ,16-Oct-18,749,753.6,780,750.1,779,777.7,770.65,4357854,3358379370,126037,2010022,46.12
M&amp;M,EQ,17-Oct-18,777.7,789.2,790.75,751.2,757.55,759.4,766.64,2634539,2019751016,82100,911095,34.58
M&amp;M,EQ,19-Oct-18,759.4,748.1,758,732.1,742.85,741.2,743.06,2985488,2218381956,102223,1546516,51.8
M&amp;M,EQ,22-Oct-18,741.2,747,749,731,731.7,733.75,738.41,1842855,1360778305,81763,832206,45.16
M&amp;M,EQ,23-Oct-18,733.75,730.5,734.4,716.2,732.95,729.95,724.46,2967082,2149521865,79818,1716639,57.86
M&amp;M,EQ,24-Oct-18,729.95,740.8,749.2,725.65,735,736.25,736.69,3729119,2747208066,101788,2112212,56.64
M&amp;M,EQ,25-Oct-18,736.25,728,744.5,724,733.35,733.75,736.04,3966709,2919670219,95313,2252456,56.78
M&amp;M,EQ,26-Oct-18,733.75,731,741.8,722.7,727,728.2,732.04,1813847,1327810526,68581,853698,47.07
M&amp;M,EQ,29-Oct-18,728.2,728,752.85,728,745.4,749.5,744.66,1954444,1455401191,50465,940989,48.15
M&amp;M,EQ,30-Oct-18,749.5,751,762.75,737,746.35,746.3,750.79,2756355,2069454439,73757,1496181,54.28
M&amp;M,EQ,31-Oct-18,746.3,749,769.1,735.15,764.5,765.95,752.03,3093083,2326092984,108708,1833376,59.27
M&amp;M,EQ,01-Nov-18,765.95,770.5,778.7,751,756,756.05,764.6,4171044,3189195992,101994,2127935,51.02
M&amp;M,EQ,02-Nov-18,756.05,765.05,795.9,765.05,783.6,783.55,784.05,4117317,3228173086,105060,1841461,44.72
M&amp;M,EQ,05-Nov-18,783.55,784,784.65,770,772.9,775.45,775.02,2168486,1680628521,114407,1316038,60.69
M&amp;M,EQ,06-Nov-18,775.45,780,782,768.85,777.3,778.4,775.24,1839552,1426096861,42395,1107806,60.22
M&amp;M,EQ,07-Nov-18,778.4,788,794,783.65,793.5,792.9,792.06,731279,579218413.2,16440,180714,24.71
M&amp;M,EQ,09-Nov-18,792.9,800,805.9,791,795.25,795.25,797.54,3085813,2461044199,99506,1052230,34.1
M&amp;M,EQ,12-Nov-18,795.25,798,807.7,778.1,778.6,780.9,790.15,2101138,1660219678,56802,946798,45.06
M&amp;M,EQ,13-Nov-18,780.9,775.5,793.8,773.85,788.85,790.05,785.81,3010295,2365529548,66274,1689827,56.13
M&amp;M,EQ,14-Nov-18,790.05,793.1,797.4,765.5,772.15,769.6,779.25,4237768,3302298016,81970,1793141,42.31
M&amp;M,EQ,15-Nov-18,769.6,774,775.8,755,767.5,766.5,765.04,4315301,3301364692,109133,2359480,54.68
M&amp;M,EQ,16-Nov-18,766.5,767.65,776.5,759.75,768.2,767.6,769.7,2373384,1826788991,73162,1098130,46.27
M&amp;M,EQ,19-Nov-18,767.6,775.3,783.6,770.1,781.2,781.35,778.35,2681651,2087255560,67818,1349293,50.32
M&amp;M,EQ,20-Nov-18,781.35,780,792.4,773.35,782,782.6,786.58,2902880,2283338018,82452,1527296,52.61
M&amp;M,EQ,21-Nov-18,782.6,787.8,787.8,764.7,769.4,769.1,772.01,1851514,1429383633,81516,916349,49.49
M&amp;M,EQ,22-Nov-18,769.1,770.1,772.95,743.1,745.9,746.1,753.82,2578750,1943920831,86596,1095917,42.5
M&amp;M,EQ,26-Nov-18,746.1,748,755,739.25,747.6,747.9,746.92,2676798,1999341700,69774,1328691,49.64
M&amp;M,EQ,27-Nov-18,747.9,747,753.9,738.1,752.5,751.75,744.91,2179714,1623684721,73613,1204755,55.27
M&amp;M,EQ,28-Nov-18,751.75,754.7,759.2,745.55,749.95,748.4,752.23,2007876,1510379266,76611,1104787,55.02
M&amp;M,EQ,29-Nov-18,748.4,756,780.3,752,775.6,773.2,769.6,5038807,3877857412,98685,3150949,62.53
M&amp;M,EQ,30-Nov-18,773.2,778,796,776.7,790.95,790.9,790.42,5214780,4121886442,148027,3114205,59.72
M&amp;M,EQ,03-Dec-18,790.9,800,800.8,756.6,763.45,761.05,769.18,5839713,4491765500,151234,2985027,51.12
M&amp;M,EQ,04-Dec-18,761.05,762,762,738.5,741.65,740.3,744.28,7101096,5285178050,172141,4287713,60.38
M&amp;M,EQ,05-Dec-18,740.3,740.3,740.3,715.1,718.9,718.05,726.34,4837874,3513958884,186878,2685032,55.5
M&amp;M,EQ,06-Dec-18,718.05,717.5,722,706.5,712.45,710.95,713.49,3970063,2832581244,137368,1591231,40.08
M&amp;M,EQ,07-Dec-18,710.95,726.8,726.8,709.6,720,721.1,717.07,2716587,1947987261,75894,810262,29.83
M&amp;M,EQ,10-Dec-18,721.1,710,725.5,700,710,710.55,715.56,3150111,2254107303,112237,1264857,40.15
M&amp;M,EQ,11-Dec-18,710.55,699.9,729.9,694,722.35,722.35,714.15,4383980,3130833012,140079,1773518,40.45
M&amp;M,EQ,12-Dec-18,722.35,725,753,721.25,750.5,750.8,743.74,3460143,2573455433,105018,1355300,39.17
M&amp;M,EQ,13-Dec-18,750.8,755,765.1,746.25,758.2,759.2,757.52,3510371,2659167360,119857,1667961,47.52
M&amp;M,EQ,14-Dec-18,759.2,753.1,764,751.6,757,757.25,757.08,1760631,1332943790,58677,768238,43.63
M&amp;M,EQ,17-Dec-18,757.25,760,763,750.5,755.6,756.35,756.1,2022203,1528985227,53855,1195859,59.14
M&amp;M,EQ,18-Dec-18,756.35,755.6,772,752.4,772,770.95,767.24,3600834,2762721796,112030,1437568,39.92
M&amp;M,EQ,19-Dec-18,770.95,775,787,767.1,785.9,782.65,778.36,3361238,2616269294,96963,1682898,50.07
M&amp;M,EQ,20-Dec-18,782.65,779.7,797,778.5,794.95,795.45,791.12,2707144,2141673114,88059,1384605,51.15
M&amp;M,EQ,21-Dec-18,795.45,795,814,777.7,778.2,781.15,794.63,6125095,4867174872,174532,2484219,40.56
M&amp;M,EQ,24-Dec-18,781.15,782.9,792.5,775,788.15,788.65,786.12,2034516,1599368723,68871,691308,33.98
M&amp;M,EQ,26-Dec-18,788.65,785.65,793.5,772,789,787.7,782.92,1683700,1318194932,41571,621571,36.92
M&amp;M,EQ,27-Dec-18,787.7,794.5,802,788.1,793.05,795.65,795.31,3156130,2510116056,101098,1393369,44.15
M&amp;M,EQ,28-Dec-18,795.65,799.35,807,797,803.8,803.55,803.62,1820270,1462808503,46993,765669,42.06
M&amp;M,EQ,31-Dec-18,803.55,808.9,810,801.2,804.8,803.85,804.38,2232551,1795827308,57577,1056785,47.34
M&amp;M,EQ,01-Jan-19,803.85,805,805.85,771.3,773,773.35,779.59,3442903,2684066368,77276,1174665,34.12
M&amp;M,EQ,02-Jan-19,773.35,772.8,772.8,735.1,740.55,741.7,746.6,10596260,7911210687,216753,5107791,48.2
M&amp;M,EQ,03-Jan-19,741.7,743.4,744.85,716.2,718,718.3,727.46,11084172,8063346042,213800,5426021,48.95
M&amp;M,EQ,04-Jan-19,718.3,720,728.3,712.5,726.7,725.6,721.99,5919404,4273724187,151647,1964823,33.19
M&amp;M,EQ,07-Jan-19,725.6,734.55,735.9,723.55,730,729.55,729.45,2792255,2036816713,78129,1223471,43.82
M&amp;M,EQ,08-Jan-19,729.55,720,733.2,717.5,723,723.4,724.84,4764487,3453494870,132319,2446879,51.36
M&amp;M,EQ,09-Jan-19,723.4,729,729.95,720.15,725.8,726.3,724.68,2569424,1862012367,87297,1467717,57.12
M&amp;M,EQ,10-Jan-19,726.3,728,734.85,722.8,732.5,733.2,731.85,2550750,1866759029,84683,1236805,48.49
M&amp;M,EQ,11-Jan-19,733.2,735,735,721.25,725.4,727.9,725.77,2215240,1607760996,51923,937456,42.32
M&amp;M,EQ,14-Jan-19,727.9,725,726.4,714.3,726,724.55,721.22,1713221,1235609268,54020,659461,38.49
M&amp;M,EQ,15-Jan-19,724.55,727.5,730,723.35,726.75,726.9,726.92,2138402,1554439626,72011,1287796,60.22
M&amp;M,EQ,16-Jan-19,726.9,727.3,732.5,724.55,726.6,726.25,728.21,1288969,938635406.5,37499,605336,46.96
M&amp;M,EQ,17-Jan-19,726.25,729,740,727.95,734.5,734.65,735.93,3318440,2442149575,75818,1406539,42.39
M&amp;M,EQ,18-Jan-19,734.65,734.5,737.9,728,735,734.95,734.38,1601885,1176386874,46979,765016,47.76
M&amp;M,EQ,21-Jan-19,734.95,738,738,727.35,728.5,730.3,732.42,1341152,982281175.2,63509,631119,47.06
M&amp;M,EQ,22-Jan-19,730.3,727.7,727.7,705.15,707.75,708.5,710,5097285,3619052211,181942,2957797,58.03
M&amp;M,EQ,23-Jan-19,708.5,708.5,709.75,693.6,694.1,695.85,701.71,4714919,3308485631,102997,2838591,60.2
M&amp;M,EQ,24-Jan-19,695.85,699,700.05,686.05,697.7,697.3,693.18,3891245,2697317936,139092,1652540,42.47
M&amp;M,EQ,25-Jan-19,697.3,702,703.5,681,683.55,683.5,691.37,3421228,2365337176,93204,1778103,51.97
M&amp;M,EQ,28-Jan-19,683.5,683.5,683.5,667.5,677,673.05,674.68,5762442,3887813748,147294,3628459,62.97
M&amp;M,EQ,29-Jan-19,673.05,671.95,676.9,661.6,670.5,669.65,670.85,4860919,3260964225,91419,3447171,70.92
M&amp;M,EQ,30-Jan-19,669.65,671.9,680,670.3,674.3,678.65,676.57,2738163,1852570003,80324,1748987,63.87
M&amp;M,EQ,31-Jan-19,678.65,678,683,672.75,680.75,680.05,678.2,3496189,2371113354,71265,2294016,65.61
M&amp;M,EQ,01-Feb-19,680.05,689,715.4,680.55,687.3,688.4,698,8005192,5587596721,134142,3514791,43.91
M&amp;M,EQ,04-Feb-19,688.4,688,688.4,670.35,674.4,674.45,673.94,2652101,1787367972,106929,1366900,51.54
M&amp;M,EQ,05-Feb-19,674.45,675.25,692.6,672.65,687.55,684.9,686.68,3550741,2438219652,78607,1999166,56.3
M&amp;M,EQ,06-Feb-19,684.9,687.9,698.25,682.05,695.85,695.1,690.76,2221744,1534695565,51777,1332950,60
M&amp;M,EQ,07-Feb-19,695.1,695,708.9,693.1,702.65,700.9,703.16,2710457,1905872145,59489,1457353,53.77
M&amp;M,EQ,08-Feb-19,700.9,702,706.7,678.55,680.95,682.1,691.22,10858152,7505415205,132982,4192960,38.62
M&amp;M,EQ,11-Feb-19,682.1,669.4,673.4,645.2,650,647.55,656.37,7931599,5206029836,121657,3860397,48.67
M&amp;M,EQ,12-Feb-19,647.55,647,657.8,644,647.6,648.7,651.06,3357448,2185899437,82413,1114742,33.2
M&amp;M,EQ,13-Feb-19,648.7,649.05,652.35,637.25,641,641.5,643.38,3420156,2200461521,78469,1568440,45.86
M&amp;M,EQ,14-Feb-19,641.5,640.7,642.4,632.3,634.45,634.4,636.83,3530468,2248301016,90591,2094516,59.33
M&amp;M,EQ,15-Feb-19,634.4,635,636.9,618.8,627.55,627.55,624.19,5765467,3598766586,109033,3223476,55.91
M&amp;M,BL,18-Feb-19,792,627.55,627.55,627.55,627.55,627.55,627.55,5358108,3362480675,1,0,0
M&amp;M,EQ,18-Feb-19,627.55,630,630,615.6,623.4,624.7,622,4750172,2954603225,114858,2831118,59.6
M&amp;M,EQ,19-Feb-19,624.7,627,642,625.25,634.25,632.6,635.52,3526711,2241278083,75842,1320765,37.45
M&amp;M,EQ,20-Feb-19,632.6,637,637.3,628.15,632.65,633.55,632.14,2369483,1497853331,69093,1114338,47.03
M&amp;M,EQ,21-Feb-19,633.55,633.55,635.95,625,634,634.2,630.6,2813880,1774446447,80935,1070587,38.05
M&amp;M,EQ,22-Feb-19,634.2,635,648.6,632.25,646.25,646.6,643.82,4053346,2609638938,110200,2230475,55.03
M&amp;M,BL,25-Feb-19,627.55,646.6,646.6,646.6,646.6,646.6,646.6,377124,243848378.4,1,0,0
M&amp;M,EQ,25-Feb-19,646.6,649.9,653.95,642.3,650.3,650.7,648.77,1863303,1208862121,47147,759667,40.77
M&amp;M,EQ,26-Feb-19,650.7,644.8,656,640,650,651.3,648.63,3862642,2505433882,81895,2552339,66.08
M&amp;M,EQ,27-Feb-19,651.3,654.5,662,647.15,651.8,656.15,656.07,3193418,2095118304,90006,1839202,57.59
M&amp;M,EQ,28-Feb-19,656.15,663.75,663.75,642.5,645.55,645.9,650.02,3955320,2571050244,132951,2276765,57.56
M&amp;M,EQ,01-Mar-19,645.9,650,652,641,648.9,649.7,646.84,3957539,2559875187,64075,1778738,44.95
M&amp;M,EQ,05-Mar-19,649.7,649.85,657.9,642.05,656,656.75,651.53,6039244,3934719427,85721,3366367,55.74
M&amp;M,EQ,06-Mar-19,656.75,660,664.85,654,658.2,658.9,659.93,7495708,4946677795,56527,5369807,71.64
M&amp;M,EQ,07-Mar-19,658.9,661.7,677.5,654.2,671.8,671.8,667.85,8703088,5812326327,114638,4244663,48.77
M&amp;M,EQ,08-Mar-19,671.8,672,679.7,666.4,669.3,670.15,674.23,3877059,2614047947,89655,1542711,39.79
M&amp;M,EQ,11-Mar-19,670.15,671.95,683.85,671.5,680.5,681.05,680.24,4027884,2739928599,173201,2653621,65.88
M&amp;M,EQ,12-Mar-19,681.05,686.9,693.1,683.35,684.4,687.9,688.02,3876498,2667090076,96503,2369844,61.13
M&amp;M,EQ,13-Mar-19,687.9,688.4,689.4,681.25,683.9,684.2,685.04,1808059,1238591336,97174,1078276,59.64
M&amp;M,EQ,14-Mar-19,684.2,683,688,677.15,685.5,685.9,684.4,1901877,1301640260,40674,893157,46.96
M&amp;M,EQ,15-Mar-19,685.9,688.25,697,687,696.3,694.6,693.73,5208071,3613013973,97889,3362158,64.56
M&amp;M,EQ,18-Mar-19,694.6,696,704.2,682.05,685,685.4,690.91,3050835,2107854882,68984,1428776,46.83
M&amp;M,EQ,19-Mar-19,685.4,686,693.8,675.1,690.95,689.4,683.82,2331409,1594265830,63255,1035119,44.4
M&amp;M,EQ,20-Mar-19,689.4,689,694.35,676.15,679.4,678.6,683.96,2369729,1620788086,45539,1235617,52.14
M&amp;M,EQ,22-Mar-19,678.6,678.7,684.5,670,677,678.8,677.49,2770303,1876845713,75944,1375543,49.65
M&amp;M,BL,25-Mar-19,646.6,678.8,678.8,678.8,678.8,678.8,678.8,222927,151322847.6,1,222927,100
M&amp;M,EQ,25-Mar-19,678.8,672,675,663.4,663.8,664.6,667.86,2337486,1561114190,46264,1395237,59.69
M&amp;M,EQ,26-Mar-19,664.6,664.65,672.4,661,669.5,669.6,665.6,2434715,1620539233,50316,1087862,44.68
M&amp;M,EQ,27-Mar-19,669.6,672.05,672.65,658.55,659,660.05,664.74,2426853,1613229377,54499,1362207,56.13
M&amp;M,EQ,28-Mar-19,660.05,659.05,662.75,653.6,655.2,655.95,657.01,3910004,2568928448,82032,2275510,58.2
M&amp;M,EQ,29-Mar-19,655.95,659.6,675.75,657.75,675,673.9,670.41,3955604,2651873201,77983,2040132,51.58
M&amp;M,EQ,01-Apr-19,673.9,678.15,689,659,661.9,660.9,672.29,5458057,3669410945,105484,2508348,45.96
M&amp;M,EQ,02-Apr-19,660.9,665,670.9,661.45,670.5,668.6,665.9,3802792,2532268768,79621,2090857,54.98
M&amp;M,EQ,03-Apr-19,668.6,672.8,676.75,656.9,659.65,658.45,666.6,2745080,1829882924,63426,1373180,50.02
M&amp;M,EQ,04-Apr-19,658.45,661,662.7,651.2,653.05,653.35,653.98,3684739,2409737751,140982,1939503,52.64
M&amp;M,EQ,05-Apr-19,653.35,657.5,663,654,658.1,658.2,657.1,2694077,1770290544,49092,1145003,42.5
M&amp;M,EQ,08-Apr-19,658.2,660.4,668.35,658.3,666.65,667,665.36,3413270,2271066238,61854,1633176,47.85
M&amp;M,EQ,09-Apr-19,667,667.8,669.8,660.45,668.1,667.85,665.24,2401571,1597613046,57630,1030018,42.89
M&amp;M,EQ,10-Apr-19,667.85,672.6,675,663.1,669.95,670.25,670.25,2499060,1674987748,42442,909412,36.39
M&amp;M,EQ,11-Apr-19,670.25,669.3,679.75,669.3,674,672.75,674.24,4863931,3279446524,76629,3223064,66.26
M&amp;M,EQ,12-Apr-19,672.75,674,679.5,667.55,677.95,678.2,672.42,3302657,2220761478,72678,2105838,63.76
M&amp;M,EQ,15-Apr-19,678.2,680,686,673.3,684.8,683.2,680.23,2408677,1638456275,66027,1230701,51.09
M&amp;M,EQ,16-Apr-19,683.2,687.25,695.5,684.8,689.8,688.1,690.06,3002929,2072196426,118023,1851002,61.64
M&amp;M,EQ,18-Apr-19,688.1,689.6,691.95,681.25,682.05,684.65,685.38,2996875,2054008350,110035,1887219,62.97
M&amp;M,EQ,22-Apr-19,684.65,681,685.75,670.9,673,673.4,676.31,1483513,1003321081,66302,837151,56.43
M&amp;M,EQ,23-Apr-19,673.4,671,675.85,663.75,665,665.75,666.77,3248237,2165839720,69266,2336334,71.93
M&amp;M,EQ,24-Apr-19,665.75,668,669.2,662.25,669,668.15,665.49,2247998,1496019358,98363,1351604,60.12
M&amp;M,EQ,25-Apr-19,668.15,671.8,673,664,665,665.15,665.64,3169504,2109735261,94312,2106803,66.47
M&amp;M,EQ,26-Apr-19,665.15,666.6,668.4,651.5,658.4,659.45,660.65,3632433,2399750707,93699,2302967,63.4
M&amp;M,EQ,30-Apr-19,659.45,659.7,662.2,640,646,645.3,647.06,5042085,3262508295,113311,3772373,74.82
M&amp;M,EQ,02-May-19,645.3,646,660.7,635.2,645.05,645.9,648,3007579,1948923881,64274,1487887,49.47
M&amp;M,EQ,03-May-19,645.9,645.05,652.5,642.85,645,645.8,645.86,2330580,1505232410,85881,1474170,63.25
M&amp;M,EQ,06-May-19,645.8,640,645,635.1,638,638.5,639.27,1498420,957893989,48879,840152,56.07
M&amp;M,EQ,07-May-19,638.5,641.75,642.9,634.2,635.55,636,637.64,3160875,2015495800,72445,2366596,74.87
M&amp;M,EQ,08-May-19,636,635.55,637,619,624.6,621.65,631.73,3853705,2434492251,51461,3092701,80.25
M&amp;M,EQ,09-May-19,621.65,620.9,627.95,616.1,625.8,625.45,621.74,1366143,849379616.5,52412,538598,39.42
M&amp;M,EQ,10-May-19,625.45,626.25,631.85,619,625.85,628.75,624.59,2093110,1307326446,55778,1074491,51.33
M&amp;M,EQ,13-May-19,628.75,628.7,628.7,615,616.9,617.6,621.36,1463136,909129582.9,43320,896064,61.24
